-- phpMyAdmin SQL Dump
-- version 5.2.1
-- https://www.phpmyadmin.net/
--
-- Host: 127.0.0.1
-- Creato il: Apr 11, 2024 alle 10:40
-- Versione del server: 10.4.32-MariaDB
-- Versione PHP: 8.2.12

SET SQL_MODE = "NO_AUTO_VALUE_ON_ZERO";
START TRANSACTION;
SET time_zone = "+00:00";


/*!40101 SET @OLD_CHARACTER_SET_CLIENT=@@CHARACTER_SET_CLIENT */;
/*!40101 SET @OLD_CHARACTER_SET_RESULTS=@@CHARACTER_SET_RESULTS */;
/*!40101 SET @OLD_COLLATION_CONNECTION=@@COLLATION_CONNECTION */;
/*!40101 SET NAMES utf8mb4 */;

--
-- Database: `fotorum`
--

-- --------------------------------------------------------
DROP DATABASE IF EXISTS `fotorum`;
CREATE DATABASE fotorum;
USE fotorum;

-- --------------------------------------------------------


--
-- Struttura della tabella `account`
--

CREATE TABLE `account` (
  `id` int(11) NOT NULL,
  `name` varchar(42) DEFAULT NULL,
  `surname` varchar(26) DEFAULT NULL,
  `nickname` varchar(255) DEFAULT NULL CHECK (octet_length(`nickname`) >= 4),
  `email` varchar(255) DEFAULT NULL,
  `password` varchar(128) DEFAULT NULL,
  `salt` varchar(255) DEFAULT NULL,
  `dateBorn` date DEFAULT NULL,
  `sex` int(11) DEFAULT NULL,
  `pronoun` int(11) DEFAULT NULL,
  `location` varchar(255) DEFAULT NULL,
  `work` varchar(255) DEFAULT NULL,
  `role` int(11) DEFAULT NULL,
  `photo` varchar(255) DEFAULT NULL,
  `verified` tinyint(1) DEFAULT 0
) ENGINE=InnoDB DEFAULT CHARSET=utf8mb4 COLLATE=utf8mb4_general_ci;

--
-- Dump dei dati per la tabella `account`
--

INSERT INTO `account` (`id`, `name`, `surname`, `nickname`, `email`, `password`, `salt`, `dateBorn`, `sex`, `pronoun`, `location`, `work`, `role`, `photo`, `verified`) VALUES
(1, 'admin', 'admin', 'admin', 'admina@a.dmin', 'dbf0f084e80f24e0dbc76285e654082633c281cb37b08ac564832de19662110fa537e8c593a8b10983bf32f636a9b1174c1af1f6ab08a3f97e3936f888a9971b', '8fba33d35410cde2c6d8fcfee13351ffb3a0894c9f84168064e3c124175d9d67', '0001-01-01', 3505, 22, 'admin', 'admin', 3, 'fProfile/IMG_0617.webp', 1),
(6, 'simone', 'arzuffi', 'Contravvenzione', 'arzu@email.com', '845fc7102bc8f8d52e6014dec3ce2cad7f9285f57f39b6cc3ecfb2fcd79620334031f77ee22b8fac0500f2cf2829af4c2012a2b508e18bcced907d16de03a361', '47446ba20e6200062c5b5d262f2f5d5f292618277af4726698d0f43bc1a4d42d', '2005-05-08', 3505, 22, 'Zanica', 'Studente sottopagato', 1, 'fProfile/IMG_0632.webp', 1),
(7, 'polpo', 'polpo', 'polpaccio', 'polpo@email.com', '1735706d1210ed5f6542f3aeb5eace819e5a7f810d2a8828f502746c28b907df57312869beab6cf1fe6096d083ade7fecb9b94cae8fa0d6432ffd322c5858168', '92e9a69f9711a048c2c06e99647d9936294dda81677af6d19df558416a01f180', '2005-12-27', 3505, 22, 'Locatello', 'NO', 1, 'fProfile/IMG_0017.webp', 1),
(8, 'marco', 'montanelli', 'smonta', 'smonta@email.com', '8385f99c43b85b8441573a137ef455b37bb08c211a7ec932c55b7589f9dec69448d65d7a081a1fde0d60c6f4ce8453b5950010be64be6b8e3d02298211fd4983', '81dfe6b1a89086155cfe8465999289a483962bd503c7b65c81388edae964e0f2', '2005-03-29', 1901, 5, 'Casa', 'Studente', 1, NULL, 1);

-- --------------------------------------------------------

--
-- Struttura della tabella `comment`
--

CREATE TABLE `comment` (
  `id` int(11) NOT NULL,
  `text` text NOT NULL,
  `post_id` int(11) DEFAULT NULL,
  `account_id` int(11) DEFAULT NULL
) ENGINE=InnoDB DEFAULT CHARSET=utf8mb4 COLLATE=utf8mb4_general_ci;

--
-- Dump dei dati per la tabella `comment`
--

INSERT INTO `comment` (`id`, `text`, `post_id`, `account_id`) VALUES
(4, 'Bella macchina (REAL)', 3, 1),
(5, 'Ciao da Locatello', 3, 7),
(6, 'Foto inappropriata (by Admin)', 4, 1),
(7, 'Woo, in chiamata col Drago!!!🔥🔥', 4, 6);

-- --------------------------------------------------------

--
-- Struttura della tabella `likes`
--

CREATE TABLE `likes` (
  `id` int(11) NOT NULL,
  `post_id` int(11) DEFAULT NULL,
  `account_id` int(11) DEFAULT NULL
) ENGINE=InnoDB DEFAULT CHARSET=utf8mb4 COLLATE=utf8mb4_general_ci;

--
-- Dump dei dati per la tabella `likes`
--

INSERT INTO `likes` (`id`, `post_id`, `account_id`) VALUES
(18, 3, 8),
(19, 4, 8);

-- --------------------------------------------------------

--
-- Struttura della tabella `post`
--

CREATE TABLE `post` (
  `id` int(11) NOT NULL,
  `photo` varchar(255) DEFAULT NULL,
  `original_photo` varchar(255) DEFAULT NULL,
  `file` varchar(255) DEFAULT NULL,
  `text` text NOT NULL,
  `account_id` int(11) DEFAULT NULL
) ENGINE=InnoDB DEFAULT CHARSET=utf8mb4 COLLATE=utf8mb4_general_ci;

--
-- Dump dei dati per la tabella `post`
--

INSERT INTO `post` (`id`, `photo`, `original_photo`, `file`, `text`, `account_id`) VALUES
(3, 'fPostS/IMG_0634.webp', 'downloads/IMG_0634.JPG', NULL, 'Osti che bella macchina (la mia)', 6),
(4, 'fPostS/IMG_0621.webp', 'downloads/IMG_0621.JPG', NULL, 'Myself (beautiful)', 8);

-- --------------------------------------------------------

--
-- Struttura della tabella `pronoun`
--

CREATE TABLE `pronoun` (
  `id` int(11) NOT NULL,
  `pronoun` varchar(255) NOT NULL
) ENGINE=InnoDB DEFAULT CHARSET=utf8mb4 COLLATE=utf8mb4_general_ci;

--
-- Dump dei dati per la tabella `pronoun`
--

INSERT INTO `pronoun` (`id`, `pronoun`) VALUES
(1, 'I'),
(2, 'me'),
(3, 'my'),
(4, 'mine'),
(5, 'myself'),
(6, 'we'),
(7, 'us'),
(8, 'our'),
(9, 'ours'),
(10, 'ourselves'),
(11, 'you'),
(12, 'your'),
(13, 'yours'),
(14, 'yourself'),
(15, 'thou'),
(16, 'thee'),
(17, 'thine'),
(18, 'thyself'),
(19, 'yo'),
(20, 'you all'),
(21, 'ye'),
(22, 'he'),
(23, 'him'),
(24, 'his'),
(25, 'himself'),
(26, 'she'),
(27, 'her'),
(28, 'hers'),
(29, 'herself'),
(30, 'it'),
(31, 'its'),
(32, 'itself'),
(33, 'they'),
(34, 'them'),
(35, 'their'),
(36, 'theirs'),
(37, 'themself'),
(38, 'themselves'),
(39, 'one'),
(40, 'oneself'),
(41, 'ae'),
(42, 'aer'),
(43, 'aerself'),
(44, 'co'),
(45, 'cos'),
(46, 'coself'),
(47, 'e'),
(48, 'em'),
(49, 'eir'),
(50, 'eirs'),
(51, 'emself'),
(52, 'ey'),
(53, 'eirself'),
(54, 'fae'),
(55, 'faer'),
(56, 'faerself'),
(57, 'fey'),
(58, 'fem'),
(59, 'feir'),
(60, 'feirs'),
(61, 'femself'),
(62, 'hu'),
(63, 'hum'),
(64, 'hus'),
(65, 'humself'),
(66, 'hy'),
(67, 'hym'),
(68, 'hys'),
(69, 'hymself'),
(70, 'kie'),
(71, 'kir'),
(72, 'kirs'),
(73, 'kirself'),
(74, 'mer'),
(75, 'mers'),
(76, 'merself'),
(77, 'ne'),
(78, 'nem'),
(79, 'nir'),
(80, 'nirs'),
(81, 'nemself'),
(82, 'nyself'),
(83, 'nirself'),
(84, 'nee'),
(85, 'ner'),
(86, 'ners'),
(87, 'nerself'),
(88, 'peh'),
(89, 'pehm'),
(90, 'pehs'),
(91, 'pehself'),
(92, 'per'),
(93, 'pers'),
(94, 'perself'),
(95, 'sie'),
(96, 'hir'),
(97, 'hirs'),
(98, 'hirself'),
(99, 'te'),
(100, 'tir'),
(101, 'tes'),
(102, 'tirself'),
(103, 'tey'),
(104, 'tem'),
(105, 'ter'),
(106, 'ters'),
(107, 'temself'),
(108, 'thon'),
(109, 'thons'),
(110, 'thonself'),
(111, 've'),
(112, 'ver'),
(113, 'vis'),
(114, 'verself'),
(115, 'xe'),
(116, 'xem'),
(117, 'xyr'),
(118, 'xyrs'),
(119, 'xemself'),
(120, 'ze'),
(121, 'zir'),
(122, 'zirs'),
(123, 'zirself');

-- --------------------------------------------------------

--
-- Struttura della tabella `role`
--

CREATE TABLE `role` (
  `id` int(11) NOT NULL,
  `role` int(11) NOT NULL,
  `description` varchar(255) DEFAULT NULL
) ENGINE=InnoDB DEFAULT CHARSET=utf8mb4 COLLATE=utf8mb4_general_ci;

--
-- Dump dei dati per la tabella `role`
--

INSERT INTO `role` (`id`, `role`, `description`) VALUES
(1, 1, 'user'),
(2, 2, 'admin'),
(3, 3, 'Admin'),
(4, 4, 'blocked'),
(5, 5, 'banned');

-- --------------------------------------------------------

--
-- Struttura della tabella `sex`
--

CREATE TABLE `sex` (
  `id` int(11) NOT NULL,
  `sex` varchar(255) NOT NULL
) ENGINE=InnoDB DEFAULT CHARSET=utf8mb4 COLLATE=utf8mb4_general_ci;

--
-- Dump dei dati per la tabella `sex`
--

INSERT INTO `sex` (`id`, `sex`) VALUES
(1, 'Medzfluid'),
(2, 'Beamgenderprisic'),
(3, 'Hydrangeaflux'),
(4, 'Childfluix'),
(5, 'Gardencoric'),
(6, 'Lovelexic'),
(7, 'Yakionimamica'),
(8, 'Gourmet Gender System'),
(9, 'Breezegender'),
(10, '80scoric'),
(11, 'Demifem'),
(12, 'Transneumascfemflux'),
(13, 'Transsexualism'),
(14, 'Antigender'),
(15, 'Genderblank'),
(16, 'Noroboyic'),
(17, 'Ros²'),
(18, 'Intrafeminflux'),
(19, 'Boyfluid'),
(20, 'Voidpolyfluidflux'),
(21, 'Non-binary woman'),
(22, 'Girltransformic'),
(23, 'Lunarisses'),
(24, 'Whalecatthing'),
(25, '70scoric'),
(26, 'Aftgender'),
(27, 'Lucidic'),
(28, 'Virtualidolthing'),
(29, 'Positrois'),
(30, 'Xenofluid'),
(31, 'Dawnian'),
(32, 'Ergender'),
(33, 'Juxera'),
(34, 'DFAB'),
(35, 'Fleuric'),
(36, 'PMSgender'),
(37, 'Gender Pronouns'),
(38, 'Baph'),
(39, 'Neutramale'),
(40, 'Poetigender'),
(41, 'Positiongender'),
(42, 'Detective Transmasc'),
(43, 'Sphaerafem'),
(44, 'Lowempatix'),
(45, 'Wallgirl'),
(46, 'Cultuhoarder'),
(47, 'Regius-Gender'),
(48, 'Amorgender'),
(49, 'Abdominusbaonic'),
(50, 'Leviagender'),
(51, 'Offgender'),
(52, 'Pearlcharic'),
(53, 'Shadic(neurogender)'),
(54, 'Flowercoric'),
(55, 'Spacecoric'),
(56, 'Chemicallexic'),
(57, 'Colorkinic'),
(58, 'Boybeing'),
(59, 'Genderless'),
(60, 'Bloomwinxic'),
(61, 'Genderenvious'),
(62, 'Genderindecisive'),
(63, 'Trans'),
(64, 'Sillything'),
(65, 'Xenoaltero'),
(66, 'Transmasculinity'),
(67, 'Tuxedocalicocatgender'),
(68, 'Angelweirdic'),
(69, 'Brokendollboy'),
(70, 'Hoyarvoiden'),
(71, 'Demienbyflux'),
(72, 'Skyic'),
(73, 'Social Dysphoria'),
(74, 'Somnivion'),
(75, 'Laxihozoa'),
(76, 'Philiadoreic'),
(77, 'Boysoft'),
(78, 'Floralcakeic'),
(79, 'Unbinary'),
(80, 'Mason'),
(81, 'Amorgender and Amaregender'),
(82, 'Neurobxy'),
(83, 'Archantholovelic'),
(84, 'Draconstosic'),
(85, 'Vocaloidcatgender'),
(86, 'Xenogender'),
(87, 'Avestix'),
(88, 'Firechild'),
(89, 'Sadgirl'),
(90, 'Pinkdiamondgender'),
(91, 'Lingender'),
(92, 'Gendervoidfluid'),
(93, 'Examplegender System(Template)'),
(94, '✦symbic'),
(95, 'Nan0gender'),
(96, 'Deadnaming'),
(97, 'Vixgirl'),
(98, 'Tergender'),
(99, 'Celestiversic'),
(100, 'Lainios'),
(101, 'Transsexed'),
(102, 'Ventulian'),
(103, 'Ynxyxqgender'),
(104, 'Sunmage'),
(105, 'Flowernonbinary'),
(106, 'Legal transition'),
(107, 'Mascflux'),
(108, 'Sodagender'),
(109, 'Surgirflor'),
(110, 'Twink'),
(111, 'Aparagender'),
(112, 'Fairylexic'),
(113, 'Boqorgeerigender'),
(114, 'Voxyigender'),
(115, 'Pichugender'),
(116, 'Dinonuggiegender'),
(117, 'Hemophobiagender'),
(118, 'Luminium'),
(119, 'Levelgender'),
(120, 'Sandgender'),
(121, 'Nightmage'),
(122, 'Rhodonitian'),
(123, 'Satanicgender'),
(124, 'Agenderfluid'),
(125, 'Wavymascic'),
(126, 'Bananacropic'),
(127, 'Foxboy'),
(128, 'Icecubic'),
(129, 'Surgirlfruct'),
(130, 'Gender Passive'),
(131, 'Strangecoric'),
(132, 'Texturagender'),
(133, 'Luxine'),
(134, 'Amareumbrium'),
(135, 'Magigender'),
(136, 'Aclarus'),
(137, 'Pancisgender'),
(138, 'Gender symbol'),
(139, 'Hazyfluid'),
(140, 'Neonlightstaric'),
(141, 'Cacticropic'),
(142, 'Snowcute'),
(143, 'LGTBQIA+'),
(144, 'Foxhonum'),
(145, 'Azurboy'),
(146, 'Oxyfluid'),
(147, 'Noungender'),
(148, 'Abandonwareic'),
(149, 'Solaeic'),
(150, 'Enceingender'),
(151, 'Notdeericfem'),
(152, 'Babycoric'),
(153, 'Melanistic'),
(154, 'Cosmicflux'),
(155, 'Jurassicmarshgender'),
(156, 'Soft-stormgender'),
(157, 'Alstrium'),
(158, 'Cottoncloudic'),
(159, 'Intentiongender'),
(160, 'Genderfade'),
(161, 'Abyssium'),
(162, 'Dollangender'),
(163, 'Proendoic'),
(164, 'Geminigender'),
(165, 'Seathing'),
(166, 'Fiaspec'),
(167, 'Gender policing'),
(168, 'Complusgender'),
(169, 'GSPflux'),
(170, 'Plastibeadic'),
(171, 'Bigender'),
(172, 'Prismahoarder'),
(173, 'Asterfluid'),
(174, 'Onoffic'),
(175, 'Lunoptikenic'),
(176, 'Nongirl'),
(177, 'IQgender'),
(178, 'Cottoncandyfluid'),
(179, 'Catlexic'),
(180, 'Rosboynetto'),
(181, 'Adjectogender'),
(182, 'Pomogender'),
(183, 'Cosmienic'),
(184, 'Kaiflyric'),
(185, 'Fem-Non specific'),
(186, 'Hydrogender'),
(187, '-Charic'),
(188, 'Red Wolfgender'),
(189, 'Maxigender'),
(190, 'Shinxgender'),
(191, 'Oncagender'),
(192, 'Syllpoda'),
(193, 'Miesigender'),
(194, 'Sex reassignment surgery'),
(195, 'Tridemigender'),
(196, 'Antinonbinary'),
(197, 'Childfluid'),
(198, 'Packing'),
(199, 'Roacharmynukic'),
(200, 'Genderfake'),
(201, 'Plugender'),
(202, 'Pearlescegender'),
(203, 'Demipangender'),
(204, 'Mutogender'),
(205, 'Animaliagender'),
(206, 'Jamcookiegender'),
(207, 'Advertisic'),
(208, 'Dasoboy'),
(209, 'Red Wolfnatured'),
(210, 'Gendertabernis'),
(211, 'Kiwihoarder'),
(212, '-Coric'),
(213, 'Catlaseric'),
(214, 'Frequencygender'),
(215, 'Genderqueer'),
(216, 'Pompompuringender'),
(217, 'Leptivity'),
(218, 'Lizardenby'),
(219, 'Bigenderfluix'),
(220, 'Gatekeepers'),
(221, 'Kawaiinix'),
(222, 'Vastgender'),
(223, 'Sprixygender'),
(224, 'Dragongirl'),
(225, 'Cosmosflux'),
(226, 'Gender identities'),
(227, 'Hellokittaesic'),
(228, 'Cutefearic'),
(229, 'Presentationfluid'),
(230, 'VoidedGender'),
(231, 'Planetofluid'),
(232, 'Unlabeled Gender'),
(233, 'Leptrois'),
(234, 'Chromaergender'),
(235, 'Technogender (Xenogender)'),
(236, 'Heavenbeing'),
(237, 'Fennecgender (Neuro-/Kin-)'),
(238, 'Genderstag'),
(239, 'Bigorexgender'),
(240, 'Sillyaeangender'),
(241, 'Xerosian'),
(242, 'Rhombusgender'),
(243, 'Demiflor'),
(244, 'Kidcoristalgic'),
(245, 'Nocstuffic'),
(246, 'Demineutrois'),
(247, 'Equishoomic'),
(248, 'Formicaefluid'),
(249, 'Robotmasc'),
(250, 'Transgender Day of Remembrance'),
(251, 'Genderstar System'),
(252, 'Lovesickbeing'),
(253, 'Duskmage'),
(254, 'Maverivir'),
(255, 'Comfygenius'),
(256, 'Deviantic'),
(257, 'Binder'),
(258, 'Star Observer'),
(259, 'Demixenoqueer'),
(260, 'Two Spirit'),
(261, 'Epochían'),
(262, 'Abinary'),
(263, 'Girlboyflux'),
(264, 'Quintgender'),
(265, 'ASdawnic'),
(266, 'Chromagender'),
(267, 'Genderselkier'),
(268, 'Omninon'),
(269, 'Chocoyic'),
(270, 'Demifeminine'),
(271, 'Tankgender'),
(272, 'Divineblessix'),
(273, 'Fluxiagender'),
(274, 'Pronouns'),
(275, 'Enboyflux'),
(276, 'Examplegender (Template)'),
(277, 'PanzerIVGender'),
(278, '-Traitic'),
(279, 'Snowchette'),
(280, 'Mascu-change'),
(281, 'Chipthing'),
(282, 'Berrycoric'),
(283, 'Bigenderbalanced'),
(284, 'Neutratint'),
(285, 'Demi-bigender'),
(286, 'Demifae'),
(287, 'Implaflux'),
(288, 'Animegender'),
(289, 'Hormone therapy'),
(290, 'Sxbetyrain'),
(291, 'Trans Gendered'),
(292, 'Platypuslexic'),
(293, 'Transfemasc'),
(294, 'Thanatophobiagender'),
(295, 'AGABless'),
(296, 'Gender role'),
(297, 'Caminusgender'),
(298, 'Wonderlandgender'),
(299, 'Juxeraflux'),
(300, 'Gender casual'),
(301, 'Bxgender'),
(302, 'Critter System'),
(303, 'Demimin'),
(304, 'Assumisian'),
(305, 'Confetti Cakegender'),
(306, 'Femasculofluid'),
(307, 'Genderplasma'),
(308, 'Chipohonichisavrica'),
(309, 'Serpentbeing'),
(310, 'Roseian Quartz'),
(311, 'Yinyang ren'),
(312, 'Werewolfgender'),
(313, 'Incomiliare'),
(314, 'Rainbowaesic'),
(315, 'Fixigender'),
(316, 'Panantigender'),
(317, 'Vixnonbinary'),
(318, 'Sugarfrostcookic'),
(319, 'Genderflicket'),
(320, 'Fluxstatic'),
(321, 'Omnagender'),
(322, 'Caric'),
(323, 'Golden Wolfgender'),
(324, 'Bottom Surgery'),
(325, 'Icongender'),
(326, 'Pancentroid'),
(327, 'Nightmaregender'),
(328, 'Genderfaun'),
(329, 'Panboy'),
(330, 'Tbhgender'),
(331, 'Microbiolexic'),
(332, 'Pride Flags'),
(333, 'Visceramassic'),
(334, 'Butterchickensavric'),
(335, 'Aesthetifluid'),
(336, 'Kingenderfluid'),
(337, 'Trendercoric'),
(338, 'Meowlexic'),
(339, 'Boyflux'),
(340, 'Cross-Dressing'),
(341, '616gender'),
(342, 'Sugarcookiegender'),
(343, 'Coconutgender'),
(344, 'Ruusuoan'),
(345, 'Hellgender'),
(346, 'Urbaphyllix'),
(347, 'Feloidgender'),
(348, 'Egogender'),
(349, 'Teaic'),
(350, 'Transmasculine'),
(351, 'Thirdgirl'),
(352, '2D graph theory(gender Theory)'),
(353, 'Purplegender'),
(354, 'Karfein'),
(355, 'FTM'),
(356, 'Nextbotgender'),
(357, 'Returngender'),
(358, 'Whippedcreamreix'),
(359, 'Affigogender'),
(360, 'Kenochoric'),
(361, 'Cracklegender'),
(362, 'Lofthousean'),
(363, 'Demicass'),
(364, 'Demonenic'),
(365, 'Exospec'),
(366, 'Foncsomnatura'),
(367, 'Minikgender'),
(368, 'Mxrs'),
(369, 'Stimgender'),
(370, 'Voidtint'),
(371, 'Prefluid'),
(372, 'Hellgender (Kingender)'),
(373, 'Hitlergender'),
(374, 'Affectugender'),
(375, 'Occurrigender'),
(376, 'Oddretroneoncoric'),
(377, 'Furgender'),
(378, 'Gender Ambiguous'),
(379, 'Afemfluid'),
(380, 'Soulgender'),
(381, 'Posigender'),
(382, 'Skin1000scoric'),
(383, 'Philosophicalgender'),
(384, 'Genderthing System'),
(385, 'Eugender'),
(386, 'Technogender (Neurogender)'),
(387, 'Nonera'),
(388, 'Abimegender'),
(389, 'Galaxitian'),
(390, 'Genderneutral'),
(391, 'Seraphaeic'),
(392, 'PMDDgender'),
(393, 'Demivoidgirl'),
(394, 'Einunivasic'),
(395, 'Poolliminix'),
(396, 'Marantic'),
(397, 'Demiobiangle'),
(398, 'Liaspec'),
(399, 'Femifluid'),
(400, 'Binders'),
(401, 'Poetren'),
(402, 'Camisolian'),
(403, 'Musawinxic'),
(404, 'Gender roles'),
(405, 'Pangenderspace'),
(406, 'Galactian Alignment System'),
(407, 'Pothosgender'),
(408, 'Timarix'),
(409, 'Equigender'),
(410, 'Macalato'),
(411, 'WWaTTgender (Will Wood and The Tapeworms gender)'),
(412, 'Luckyleafic'),
(413, 'Man'),
(414, 'Parafluid'),
(415, 'Galaxian'),
(416, 'Pastelgender'),
(417, 'Benjamin scale'),
(418, 'Lostcitygender'),
(419, 'Slimic'),
(420, 'Abanadductix'),
(421, 'Florawinxic'),
(422, 'Genderspace'),
(423, 'Diamondgender'),
(424, 'Doxigender'),
(425, 'Xenogender identity'),
(426, 'Lexegender'),
(427, 'Agenderfluix'),
(428, 'Flanlady'),
(429, 'Girlhoard'),
(430, 'Kool-aidetype'),
(431, 'Paragender-flux'),
(432, 'Œilsangine'),
(433, 'Fleshcute'),
(434, 'Skycitygender'),
(435, 'Duoquinquagintigender'),
(436, 'Domgender'),
(437, 'Fiction and the transgender community'),
(438, 'Philogender'),
(439, 'Spikegender'),
(440, 'Alienic'),
(441, 'Gendernoctem'),
(442, 'Gxnderfluid'),
(443, 'Rosboyfluid'),
(444, 'Mycogender'),
(445, 'Neudoux'),
(446, 'Genderglitch'),
(447, 'Briaxygender'),
(448, 'Agender'),
(449, 'Plerunivasic'),
(450, 'Ramgirl'),
(451, 'Peppercropic'),
(452, 'Quintdemigender'),
(453, 'Endononbinary'),
(454, 'Yippegender'),
(455, 'Demiagender'),
(456, 'Krúttgender'),
(457, 'Umbrella term'),
(458, 'Werewerewiregender'),
(459, 'Ambitrois'),
(460, 'Illusogender'),
(461, 'Tealgender'),
(462, 'Dämonichoarder'),
(463, 'Bingenderspike'),
(464, 'Demiomnigender'),
(465, 'Faunarian'),
(466, 'Identity'),
(467, 'Obscurefluid'),
(468, 'Yellowdiamondgender'),
(469, 'Playgroundliminix'),
(470, 'Xenofemspike'),
(471, 'Coraldaycoric'),
(472, 'Replacioxenic'),
(473, 'Temnovezgender'),
(474, 'Tomxyigender'),
(475, 'Genderalbatro'),
(476, 'Demi-Trigender'),
(477, 'Girl'),
(478, 'Zıtcis'),
(479, 'Lasagnix'),
(480, 'Greendiamondgender'),
(481, 'Collosogender'),
(482, 'Citing Standards'),
(483, 'Cupcakegender'),
(484, 'ChaiLatte137/Thespisum'),
(485, 'Biblioique'),
(486, 'Flagic'),
(487, 'Intersexual'),
(488, 'Neoncolorfluid'),
(489, 'Perigirlfluid'),
(490, 'Peachgender'),
(491, 'Songvibic'),
(492, 'Strawberrygender'),
(493, '🌈Emojic'),
(494, 'Mogai-Sunflowers'),
(495, 'Genderdoux'),
(496, 'Gender-Neutral Terms'),
(497, 'Gendergender'),
(498, 'Foyereaven'),
(499, 'Feligender'),
(500, 'Shiftergender'),
(501, 'Lightgender'),
(502, 'Bobacatflux'),
(503, 'Legogender'),
(504, 'Gender dysphoria'),
(505, 'Butches'),
(506, 'Mascutint'),
(507, 'Curagender'),
(508, 'Halothing'),
(509, 'Rahugender'),
(510, 'Biogender'),
(511, 'Freogender'),
(512, 'Plastiskeletic'),
(513, 'Traitic'),
(514, 'Deerskullskeletic'),
(515, 'Shibaic'),
(516, 'Passing'),
(517, 'Luridgender'),
(518, 'Angelgender'),
(519, 'Wikifluid'),
(520, 'Confusiogender'),
(521, 'Transfemfrilled'),
(522, 'Nenbuline'),
(523, 'Uniflexible'),
(524, 'Hotthing'),
(525, 'Mazeplexgender'),
(526, 'Dark Silveric'),
(527, 'Gendersensitive'),
(528, 'Piegender'),
(529, '🌆 + 🌈Gender'),
(530, 'Androgynous'),
(531, 'Mistrainix'),
(532, 'Exemgender'),
(533, 'Female'),
(534, 'Significant Other'),
(535, 'Androcontragender'),
(536, '974kitic'),
(537, 'Lexicgender'),
(538, 'Deeparine'),
(539, 'Stardewgender'),
(540, 'Horrorimagric'),
(541, 'Gothgender'),
(542, 'Outersex'),
(543, 'Intergender'),
(544, 'The N-dimensional gender space'),
(545, 'Funfetti Cakegender'),
(546, 'Demifluid'),
(547, 'Pasugosgender'),
(548, 'Kongfuworldgender'),
(549, 'Moondivine'),
(550, 'Eventidal'),
(551, 'Mollivgender'),
(552, 'Noodlgender'),
(553, 'Sweekgender'),
(554, 'CAFAB'),
(555, 'Flowergender'),
(556, 'Mushroomgender'),
(557, 'Cis-genderless'),
(558, 'Augender'),
(559, 'Femmascspike'),
(560, 'Pseudogender'),
(561, 'Demibinary'),
(562, 'Community Goal Board'),
(563, 'Syllfelis'),
(564, 'Demifaun'),
(565, 'Genderhoarder'),
(566, 'Legal Gender'),
(567, 'Ludogender'),
(568, 'Gender norms'),
(569, 'Gendergenius'),
(570, 'Bi-vir'),
(571, 'Demigenderwall'),
(572, 'Nephogender'),
(573, 'Nxnbinary'),
(574, 'LGTBQ Pride'),
(575, 'Cadensfolkgender'),
(576, 'Paraneutral'),
(577, 'Playlistsgender'),
(578, 'Girlflip'),
(579, 'Cosmric'),
(580, 'Combingender'),
(581, 'Transandrogynous'),
(582, 'Nitroxic'),
(583, 'Demiandrogyne'),
(584, 'Timbergender'),
(585, 'Xirastellven'),
(586, 'Polyfluid'),
(587, 'Genderflux'),
(588, 'Genital surgery'),
(589, 'Phasmaeic'),
(590, 'Pumpkicropic'),
(591, 'Fuzzlexic'),
(592, 'Entityshiftic'),
(593, '2010scoric'),
(594, 'Gendertotalic'),
(595, 'Fluidqueer'),
(596, 'Ultimatrois'),
(597, 'Bivir'),
(598, 'Parvudulcic'),
(599, 'Vampcoric'),
(600, 'Vangender'),
(601, 'Demifemme'),
(602, 'Transsexual'),
(603, 'Zeroaromic'),
(604, 'Femache'),
(605, 'Genderwhat'),
(606, 'Catskeletin'),
(607, 'Truaitotalic'),
(608, 'Syllcanis'),
(609, 'Sexism'),
(610, 'Multitransitional'),
(611, 'FAQ: Wiki Questions'),
(612, 'Cis-gender'),
(613, 'Livrofluid'),
(614, 'Infintigender'),
(615, 'Parsnipcropic'),
(616, 'UntitledGoo3e/Femtac'),
(617, 'Cutelexic'),
(618, 'Cattuspagender'),
(619, 'Aporagender'),
(620, 'Birchgender'),
(621, 'Eafluid'),
(622, 'Scythething'),
(623, 'Snøværione'),
(624, 'Transxenine'),
(625, 'LGBT+'),
(626, 'Fluidrevealgender'),
(627, 'Plumgender'),
(628, 'Woman'),
(629, 'Yerkxygender'),
(630, 'Rubrafluid'),
(631, 'Eyegender'),
(632, 'Bobacat'),
(633, 'Aposhroomic'),
(634, 'Exclusive Genders'),
(635, 'Intestinix'),
(636, 'Masc-Spike'),
(637, 'Mythologenders'),
(638, 'Calmcoric'),
(639, 'Sentigender'),
(640, 'Vegetic'),
(641, 'Calicogender'),
(642, 'Lovelockic'),
(643, 'Citrabinary'),
(644, 'Trans Man'),
(645, 'Negative'),
(646, 'TheCollectorCharic'),
(647, 'Lizardgirl'),
(648, 'Kitsunegender'),
(649, 'Zoogender'),
(650, 'Shampooium'),
(651, 'Genderspike'),
(652, 'Computergoric'),
(653, 'Impllochaosgender'),
(654, 'Trinketgender'),
(655, 'Gendermage System'),
(656, 'Loverboyvocaloid'),
(657, 'Sapphirian'),
(658, 'Bithing'),
(659, 'Portalsalbumic'),
(660, 'Florauna'),
(661, 'Electricsongfeelic'),
(662, 'Peagender'),
(663, 'Ariesgender'),
(664, 'Musicagender'),
(665, 'Ivyxygender'),
(666, 'Plushiewolfgender'),
(667, 'Aetherium'),
(668, 'Prettything'),
(669, 'Genderwave'),
(670, 'Gendergas'),
(671, 'Drizzlic'),
(672, 'Squidplushic'),
(673, 'Transmasc Passing Tips'),
(674, 'Dr Mysterygender'),
(675, 'Steamgender'),
(676, 'Gendertide'),
(677, 'Wayback Machine'),
(678, 'Starlady'),
(679, 'Xenoboy'),
(680, 'Fluidflux'),
(681, 'Felidegender'),
(682, 'GLBT+'),
(683, 'Enbyphobia'),
(684, 'Moppergender'),
(685, 'Distantglowgender'),
(686, 'Assigned Gender'),
(687, 'Non Intersex'),
(688, 'Bloodsquidgender'),
(689, 'Angelibian'),
(690, 'Teacropic'),
(691, 'Laehgender'),
(692, 'Sunboy'),
(693, 'Qariwarmi'),
(694, 'Drag king'),
(695, 'Lunoric'),
(696, 'Amethystcharic'),
(697, 'Genderstage'),
(698, 'Transtidal'),
(699, 'Nulhuegender'),
(700, 'Angel Lorenzana'),
(701, 'Metalsheetic'),
(702, 'Title'),
(703, 'Demoncute'),
(704, 'Echogender'),
(705, 'Skelecutegirl'),
(706, 'Distantglowmasc'),
(707, 'Ancientfruitcropic'),
(708, 'Gender Dysphoria'),
(709, 'Other gender identification'),
(710, 'Male-Female'),
(711, 'Amascspike'),
(712, 'Artistiangender'),
(713, 'Calypsian'),
(714, 'Catboxic'),
(715, 'Moobloomian'),
(716, 'Nan0boy'),
(717, 'Cassfluid'),
(718, 'Gender Absent'),
(719, 'Assigned Sex'),
(720, 'Genderlune'),
(721, 'Stardustlexic'),
(722, 'CAMAB'),
(723, 'Phytogender'),
(724, 'Cattix'),
(725, 'Corugender'),
(726, 'Eiralean'),
(727, 'Vallengender'),
(728, 'Pointgender'),
(729, 'Inugender'),
(730, 'Neutral Gender'),
(731, 'Ripegender'),
(732, 'Albanian Sworn Virgins'),
(733, 'Lunaecorix'),
(734, 'Femdoux'),
(735, 'Pointfem'),
(736, 'Naturetint'),
(737, '^w^gender'),
(738, 'Venusian'),
(739, 'Aresgender'),
(740, 'Libra-gender'),
(741, 'Watermeletype'),
(742, 'Neo AGAB'),
(743, 'Dwarfgender'),
(744, 'Historicalgender'),
(745, 'Watercolo(u)rmixic'),
(746, 'Oceanic'),
(747, 'Genderflick'),
(748, '🦑🩸Emojic'),
(749, 'Cis-Gender'),
(750, 'Emetogender'),
(751, 'Serpentgender'),
(752, 'Absgender'),
(753, 'Beheldgender'),
(754, 'Inflatablesofic'),
(755, 'Friedricesavric'),
(756, 'Snowflesh'),
(757, 'Varumgender'),
(758, 'Pipepunchdrinkic'),
(759, 'Skelecuteboy'),
(760, 'Keyboardsmashic'),
(761, 'Deminix'),
(762, 'Kaifmanic'),
(763, 'Omnixeno'),
(764, 'Bloodysinkaesic'),
(765, 'Jasperian'),
(766, 'Feminizing Hormone Therapy'),
(767, 'Neutris'),
(768, 'Lavacat'),
(769, 'Hydroneric'),
(770, 'Misteria'),
(771, 'Genderafraid'),
(772, 'Darkchocogender'),
(773, 'Fluorogender'),
(774, 'Internic'),
(775, 'Cloudarian'),
(776, 'Acenonbinary'),
(777, 'Xenan'),
(778, 'Asexual'),
(779, 'Dulciess'),
(780, 'Shkizeingender'),
(781, 'Gendergenius System'),
(782, 'Noviluset'),
(783, 'Gender Pyramid System'),
(784, 'Pride Month'),
(785, 'Datemate/Datefriend'),
(786, 'Volcanive'),
(787, '80 s-coric'),
(788, 'Gendersilen'),
(789, 'ADHDgender'),
(790, 'Planetmage'),
(791, 'Meatvic'),
(792, 'Invicoream'),
(793, 'Soflowic'),
(794, 'Positivegender'),
(795, 'Somethinggender'),
(796, 'Rainbowsockin'),
(797, 'Theyfriend'),
(798, 'Diamond'),
(799, 'Angelweaponic'),
(800, 'Gastrogender'),
(801, 'Non Binary'),
(802, 'Transexuality'),
(803, 'Sex characteristics'),
(804, 'Girlconnec'),
(805, 'Mushikenic'),
(806, 'Puffspike'),
(807, 'Gender nonconforming'),
(808, 'Genderfrithen'),
(809, 'Quaddemigender'),
(810, 'Agender X'),
(811, 'Hyperboreangender'),
(812, 'Rainbowcoric'),
(813, 'Aporavir'),
(814, 'Prettygender'),
(815, 'Bigender spike'),
(816, 'Scraphious'),
(817, 'ADHDnurix'),
(818, 'Demoncat'),
(819, 'Sheeptix'),
(820, 'MAAB'),
(821, 'Personality Gender'),
(822, 'Irogender'),
(823, 'Transfem'),
(824, 'Aisteagender'),
(825, 'Matility'),
(826, 'Genderfulid'),
(827, 'Mallgender'),
(828, 'Apathian'),
(829, 'Bissu'),
(830, 'Drag queen'),
(831, 'Daylexic'),
(832, 'Wheatcropic'),
(833, 'Fluxid'),
(834, 'Hypertwink'),
(835, 'Izmoriasic'),
(836, 'Freunivasic'),
(837, 'Meowgender'),
(838, 'Clutterfeminine'),
(839, 'Stardustian'),
(840, 'Gray Wolfgender'),
(841, 'Pleustar'),
(842, 'Farfallegender'),
(843, 'Solgender'),
(844, 'Abaporum'),
(845, 'Banfrentoastyc'),
(846, 'Demimasc'),
(847, 'Anonbinary'),
(848, 'Maginurse'),
(849, 'Multipluralic'),
(850, 'Hallowgender'),
(851, 'Kenochord'),
(852, 'Bottom surgery'),
(853, 'Melodylexic'),
(854, 'Softstaric'),
(855, 'LOVIN'),
(856, 'Genderlady System'),
(857, 'Bear'),
(858, 'Example3'),
(859, 'Blue Moonian Quartz'),
(860, 'Danstimic'),
(861, 'Craqdi'),
(862, 'Wolfgender'),
(863, 'Mediatorgender'),
(864, 'Wednesdaylexic'),
(865, 'Ickgender'),
(866, 'Foxcoripresentic'),
(867, 'Xingender'),
(868, 'Gendercurrent'),
(869, 'Icevibic'),
(870, 'Rubygender'),
(871, 'Genderswete'),
(872, 'Infinil'),
(873, 'LGBT'),
(874, 'AFAB'),
(875, 'Demitrans'),
(876, 'Evaisgender'),
(877, 'Neonlightmoonic'),
(878, 'Aerogender'),
(879, 'Cassflux'),
(880, 'Bagelgender'),
(881, 'Numbergender'),
(882, 'Proxvera'),
(883, 'Bobbycharic'),
(884, 'Boyconnec'),
(885, 'Cheesigrounbesavrica'),
(886, 'Coiner Boundaries'),
(887, 'Demiminiboy'),
(888, 'Hallwayliminix'),
(889, 'Moonmage'),
(890, 'Phobiagender'),
(891, 'Treelexic'),
(892, 'Starchild'),
(893, '🥩👁Emojic'),
(894, 'Demongender'),
(895, 'Nectamgender'),
(896, 'Glassgender'),
(897, 'Cisgender'),
(898, 'Scalecosmic'),
(899, 'Neurocollector'),
(900, 'Stellarisfluid'),
(901, 'Firebootic'),
(902, 'Falligrasscropic'),
(903, 'Rainbeing'),
(904, 'Mogai-sunflowers'),
(905, 'Netspeakic'),
(906, 'Quoigirl'),
(907, 'Genderselkie'),
(908, 'Greybiegender'),
(909, 'Antibigender'),
(910, 'Dreamgender'),
(911, 'Hypoagenderflux'),
(912, 'MTF'),
(913, 'Quarzian'),
(914, 'UWUgender'),
(915, 'Skelecute'),
(916, 'Morchegender'),
(917, 'Cinonbinary'),
(918, 'Meatvisic'),
(919, 'Perigender'),
(920, 'Demifin'),
(921, 'List of Genders'),
(922, 'Mulaayamic'),
(923, 'Desertarian'),
(924, 'Girlbyflux'),
(925, 'Mommycharic'),
(926, 'Xenogenderwack'),
(927, 'Demiagenderflux'),
(928, 'Religigender'),
(929, 'Neonbluegender'),
(930, '3 1/2 Gender'),
(931, 'Imagrigender'),
(932, 'Potionlexic'),
(933, 'Pastagender'),
(934, 'Nudibranchgender'),
(935, 'Denigrafacieic'),
(936, 'Jengagender'),
(937, 'Txigender'),
(938, 'Lucionotteic'),
(939, 'Déeseharlique'),
(940, 'Mossgender'),
(941, 'Genderwallflux'),
(942, 'Categories'),
(943, 'Prasiolitian'),
(944, 'Enbysoft'),
(945, 'Frostgender'),
(946, '🥄🍮Emojic'),
(947, 'Sonnegender'),
(948, 'Cultubinary'),
(949, 'Aesthetigender'),
(950, 'Astronogender'),
(951, 'Ahypervoidflux'),
(952, 'Cookiegender'),
(953, 'Abinphobia'),
(954, 'Rosboyflagic'),
(955, 'Genderfloren'),
(956, 'Amicagender'),
(957, 'Cis Gender'),
(958, 'Christie Elan-Cane'),
(959, 'Sexual Orientation'),
(960, 'Histriodarling'),
(961, 'Hyperpolygender'),
(962, 'Webcorestalgic'),
(963, 'Skhizeingender'),
(964, 'Atrinary'),
(965, 'Clowngenius'),
(966, 'Sexual orientation'),
(967, 'Juveliangender'),
(968, 'Cosmicgender'),
(969, 'Trifluid'),
(970, 'Deminonbinary'),
(971, 'Kairic'),
(972, 'Followgender'),
(973, 'Expelgender'),
(974, 'Pinkcute'),
(975, 'Gendernull'),
(976, 'Gemboy'),
(977, 'Musegender'),
(978, '♪thing'),
(979, 'Neutroisflux'),
(980, 'Genetic sex'),
(981, 'Technogender'),
(982, 'DMAB'),
(983, 'Humanthing'),
(984, 'Nonvirmina'),
(985, 'Divinecat'),
(986, 'Autumnic'),
(987, 'Gorelovegender'),
(988, 'Greenbeancropic'),
(989, 'Monsteradelic'),
(990, 'Kingender'),
(991, 'Omegagender'),
(992, '404gender'),
(993, 'Rainynightgender'),
(994, 'Xirlflux'),
(995, 'Cadenaesic'),
(996, 'Demineutrious'),
(997, 'JToHgender'),
(998, 'Stellarian'),
(999, 'Caelestrian'),
(1000, 'WWaTTgender'),
(1001, 'Webcoric'),
(1002, 'Sunchild'),
(1003, 'Desksleepic'),
(1004, 'Fractalgender'),
(1005, 'Ophiuchusgender'),
(1006, 'Gendersylph'),
(1007, 'Trans Gender'),
(1008, 'Transmedicalism'),
(1009, 'Drinkgender'),
(1010, 'Delusowolf'),
(1011, 'Timorumbrium'),
(1012, 'Auzoagender'),
(1013, 'Ultragender'),
(1014, 'Bivoidpolar'),
(1015, 'Lesbiangender'),
(1016, 'Titles'),
(1017, 'AXENAB'),
(1018, 'Absorgender'),
(1019, 'Bueniasic'),
(1020, 'Gender Stereotypes'),
(1021, 'Linaricgender'),
(1022, 'Nostalgiacoric'),
(1023, 'Amanitagender'),
(1024, 'Sweetyic'),
(1025, 'Categories Guide'),
(1026, 'Summstellatic'),
(1027, 'Nytheriunea'),
(1028, 'Colorgender'),
(1029, 'Skelecutenby'),
(1030, 'Opxygender'),
(1031, 'Demifluidflux'),
(1032, 'Genderfluff'),
(1033, 'Daestkinic'),
(1034, 'Mushroomlexic'),
(1035, 'Positive'),
(1036, 'Bigenderspike'),
(1037, 'Cadensbaroquegender'),
(1038, 'Panbackroomic'),
(1039, 'Rosboy'),
(1040, 'Transmascfem'),
(1041, 'Gender non-conforming'),
(1042, 'Shroom Gender System'),
(1043, 'Androidic'),
(1044, 'Postgenderism'),
(1045, 'Voixeur'),
(1046, 'HDnurix'),
(1047, 'Butterflygender'),
(1048, 'Foxiygender'),
(1049, 'Grayscalen'),
(1050, 'Plokgender'),
(1051, 'Aromagender'),
(1052, 'Shoregender'),
(1053, 'Yelrosunshiplemic'),
(1054, 'Feminine'),
(1055, 'Multigender'),
(1056, 'Aroibrengender'),
(1057, 'Wallboy'),
(1058, 'Frostbitecavesgender'),
(1059, 'Xelp'),
(1060, 'Ghostcatgender'),
(1061, 'Felinegender'),
(1062, 'Corpsething'),
(1063, 'Demifemale'),
(1064, 'Neononbinary'),
(1065, 'AMAB Transmasc'),
(1066, 'Pinksugarcookiera'),
(1067, 'Skylark'),
(1068, 'Nightskymemoric'),
(1069, 'Weirdthingspike'),
(1070, 'Genderfae'),
(1071, 'Cucumbergender'),
(1072, 'Sodayic'),
(1073, 'Lunarset'),
(1074, 'CringeXDCoric'),
(1075, 'Shellgender'),
(1076, 'Noxigender'),
(1077, 'Hypergirl'),
(1078, 'Greygender'),
(1079, 'Sortaxenic'),
(1080, 'Sunbeing'),
(1081, 'Glowcoric'),
(1082, 'Amalgagender'),
(1083, 'Skyneutral'),
(1084, 'Ghiblicoric'),
(1085, 'Mellic'),
(1086, 'Totumgender'),
(1087, 'Sclerogender'),
(1088, 'Circuscoric'),
(1089, 'Omen'),
(1090, 'Cimelusix'),
(1091, 'Balkan Sworn Virgins'),
(1092, 'Acxygender'),
(1093, 'Glitchofluid'),
(1094, 'Trigender'),
(1095, 'Kidliminalgic'),
(1096, 'Breadgender'),
(1097, 'Gender confirmation surgery'),
(1098, 'Divinedeepseaic'),
(1099, 'Shewolfgender'),
(1100, 'Prismagender'),
(1101, 'Angliastralic'),
(1102, 'Moneogender'),
(1103, 'Angelcoric'),
(1104, 'Linguic'),
(1105, 'Solarizic'),
(1106, 'Gender incongruence'),
(1107, 'Watergender'),
(1108, 'Genderguardian System'),
(1109, 'Agender girl'),
(1110, 'Trans Representation in Media'),
(1111, 'Gender Arity'),
(1112, 'Bigwavebeachgender'),
(1113, 'Hibiscus-Teagender'),
(1114, 'Femnoir'),
(1115, 'Genderfeast'),
(1116, 'Distentagender'),
(1117, 'Cupidlexic'),
(1118, 'InuGender'),
(1119, 'Antiquegender'),
(1120, 'Cattint'),
(1121, 'Headspaceskyic'),
(1122, 'Rainbow-gender'),
(1123, 'Transmedicalist'),
(1124, 'Electrogender (Audiogender)'),
(1125, 'Floragender'),
(1126, 'Genderlady'),
(1127, 'Lizardboy'),
(1128, 'Pasbylovstellar'),
(1129, 'Starfruitcropic'),
(1130, 'Amorpangender'),
(1131, 'Caelgender'),
(1132, 'Dinoskeletic'),
(1133, 'Eldollic'),
(1134, 'Embercat'),
(1135, 'Nonbinaryflux'),
(1136, 'Troxogender'),
(1137, 'Bodyhorroric'),
(1138, 'Refluxual'),
(1139, 'Gendered language'),
(1140, 'Genderflow'),
(1141, 'Thirdboy'),
(1142, 'Top Surgery'),
(1143, 'Faraharian'),
(1144, 'Binary gender'),
(1145, 'Dawnset'),
(1146, 'Androgyny'),
(1147, 'Farfuturegender'),
(1148, 'Amorboy'),
(1149, '🧁Emojic'),
(1150, '╳♕╳gender'),
(1151, 'Sortaboth'),
(1152, 'SSmusihypic'),
(1153, 'Paragirlflux'),
(1154, 'Transwhatever'),
(1155, 'Magivoid'),
(1156, 'Icedragon'),
(1157, 'Hiccupthing'),
(1158, 'Pointneu'),
(1159, 'Pronoun'),
(1160, 'Transexed'),
(1161, 'Waterchild'),
(1162, 'Genderdream System'),
(1163, 'Medical Transition'),
(1164, 'Solarian'),
(1165, 'Yoroxygender'),
(1166, 'Jellyfishlady'),
(1167, 'Name'),
(1168, 'Simogender'),
(1169, 'Hormones'),
(1170, 'Transition'),
(1171, 'Birth name'),
(1172, 'Neutrois'),
(1173, 'Aecoraromic'),
(1174, 'Seavastia'),
(1175, 'Squidthing (blog)'),
(1176, 'Grapesodetype'),
(1177, 'ChildFluid'),
(1178, 'Mogai-Monarchs'),
(1179, 'Astralgender'),
(1180, 'Suicide Among the Trans* Communit'),
(1181, 'Lostpoeic'),
(1182, 'Amethystian'),
(1183, 'Amarathcropic'),
(1184, 'Virmgender'),
(1185, 'Calidumian'),
(1186, 'Skygirl'),
(1187, 'Dagurian'),
(1188, 'Skeletongender'),
(1189, 'Heminonbinary'),
(1190, 'Ay lonit'),
(1191, 'Gender norm'),
(1192, 'Missingkittyic'),
(1193, 'Poppycropic'),
(1194, 'Solarset'),
(1195, 'Ferrofluid'),
(1196, 'Gender Fluid'),
(1197, 'Cakegenderflux'),
(1198, 'Tropicanine'),
(1199, 'Neurovast'),
(1200, 'Genderflicker'),
(1201, 'Starwolfgender'),
(1202, 'Starmage'),
(1203, 'Futurafashic'),
(1204, 'Lunlitgury'),
(1205, 'Pinkgender'),
(1206, 'Kesvios'),
(1207, 'Transphobia'),
(1208, 'Casspronoun'),
(1209, 'Turtlegender'),
(1210, 'Candyic'),
(1211, 'Skeletalgender'),
(1212, 'Sciencegender'),
(1213, '🔮Emojic'),
(1214, 'Dimittorte'),
(1215, 'Freakic'),
(1216, 'Trypophobiagender'),
(1217, 'Weirdcoristalgic'),
(1218, 'Advertgender'),
(1219, 'Mythical Creature Gender System'),
(1220, 'Stimmyflappic'),
(1221, 'Ratgender'),
(1222, '-tix'),
(1223, 'Gender Immune'),
(1224, 'Genderstopfluid'),
(1225, 'Medically transition'),
(1226, 'Non-Intersex'),
(1227, 'Liminalgender'),
(1228, 'Spacerian'),
(1229, 'Octogender'),
(1230, 'Iceskatic'),
(1231, 'Hopeial'),
(1232, 'Contragender'),
(1233, 'Crinklegender'),
(1234, 'Gender Symbol'),
(1235, 'Exoplafluid'),
(1236, 'Genderspirit'),
(1237, 'Grapecropic'),
(1238, 'Volkumic'),
(1239, 'Non-Op'),
(1240, 'Fullmoon Gender'),
(1241, 'Infinitive'),
(1242, 'Libradyadmasculine'),
(1243, 'Sortafluid'),
(1244, 'VoidGhost'),
(1245, 'Gorething'),
(1246, 'Deviantaesic'),
(1247, 'Nan0fluid'),
(1248, 'Alysgender'),
(1249, 'Sellaplasticic'),
(1250, 'Mingirl'),
(1251, 'Fleshaxen'),
(1252, 'Purpureusfluid'),
(1253, 'Aurozagender'),
(1254, 'Cutenic'),
(1255, 'Catgamer'),
(1256, 'Enbytint'),
(1257, 'Weirdthing'),
(1258, 'Blankin'),
(1259, 'Gender Non-Conforming'),
(1260, 'Girlbyspike'),
(1261, 'Demimaverique'),
(1262, 'Futuracityc'),
(1263, 'Uncombigender'),
(1264, 'Voidbiflux'),
(1265, 'Playgroundaesic'),
(1266, 'Starlexic'),
(1267, 'Wallandro'),
(1268, 'Dandelionthing'),
(1269, 'Gender queer'),
(1270, 'Girlsoft'),
(1271, 'Polydemigender'),
(1272, 'Somnivirgender'),
(1273, 'Coric'),
(1274, 'Yanderegender'),
(1275, 'Abendine'),
(1276, 'Color Gender'),
(1277, 'Sunaesic'),
(1278, 'Oddcoric'),
(1279, 'Assigned Sex At Birth'),
(1280, 'Pangirl'),
(1281, 'Moonmaiden'),
(1282, 'Slothgender'),
(1283, 'Noctofloric'),
(1284, 'Plutoboy'),
(1285, 'Gender Wiki'),
(1286, 'Flyfaric'),
(1287, 'Assigned Female At Birth'),
(1288, 'Cosmoic Alignments'),
(1289, 'Altegender'),
(1290, 'Rapgender'),
(1291, 'Demixenogirl'),
(1292, 'Gender Modality'),
(1293, 'Sunflocropic'),
(1294, 'Gender variance'),
(1295, 'Cottoncoric'),
(1296, 'Gendercatchy'),
(1297, 'Solunarlexic'),
(1298, 'Maricagender'),
(1299, 'Genderund'),
(1300, 'Roxegender'),
(1301, 'Colorflameic'),
(1302, 'Hotchocolatic'),
(1303, 'Sagittariusgender'),
(1304, 'Ansigender'),
(1305, 'Unicorngender'),
(1306, 'Null Gender'),
(1307, 'Omnicredivinic'),
(1308, 'Gendercloud'),
(1309, 'Liquidgender'),
(1310, 'Nonios'),
(1311, 'Cogender (Gender Identity)'),
(1312, 'Doodlesharkic'),
(1313, 'Tuxedotabbycatgender'),
(1314, 'Genderfrithet'),
(1315, 'Gatekeeping'),
(1316, 'Snakegender'),
(1317, 'KingClawthorneTheSeaWing/Blueberrycakegender'),
(1318, 'Cloudfem'),
(1319, 'Inxygender'),
(1320, 'Textmalgender'),
(1321, 'Antiagender'),
(1322, 'Dysphen'),
(1323, 'Beegender'),
(1324, 'Exofluid'),
(1325, 'Machinagender'),
(1326, 'Mistgender'),
(1327, 'Cutescare'),
(1328, 'Nonboy'),
(1329, 'Rainottalunaquic'),
(1330, 'Suicide Among the Trans* Community'),
(1331, 'Vulpipresentic'),
(1332, 'Vernubian'),
(1333, 'FridayNightModdinic'),
(1334, 'Foxstar'),
(1335, 'Qotios'),
(1336, 'Strawkittydrinkic'),
(1337, 'Assigned sex'),
(1338, 'Creat?re'),
(1339, 'Amethystroomic'),
(1340, 'Hemigirl'),
(1341, 'Genderchild System'),
(1342, 'Femnulle'),
(1343, 'Brazilgender'),
(1344, 'Pride flag'),
(1345, 'Colorfulfluid'),
(1346, 'Distantglowneu'),
(1347, 'Stellic'),
(1348, 'Pizzanic'),
(1349, 'Sortaboy+'),
(1350, 'Amantisgender'),
(1351, 'Storeliminix'),
(1352, 'Tondeogender'),
(1353, 'Palettegender'),
(1354, 'Juvelian'),
(1355, 'Emocoric'),
(1356, 'Hormone replacement therapy'),
(1357, 'Macafloric'),
(1358, 'Pluiette Fluid'),
(1359, 'Misgendering'),
(1360, 'Ideospec'),
(1361, 'Mirrorgender'),
(1362, 'Antifluid'),
(1363, 'Blackcatgender'),
(1364, 'White Wolfgender'),
(1365, 'Crystalboy'),
(1366, 'Scenecoric'),
(1367, 'ADEAB'),
(1368, 'Neongreengender'),
(1369, 'Vintaglitchic'),
(1370, 'Femmes'),
(1371, 'Agiafluid'),
(1372, 'Astronomique'),
(1373, 'Nightlexic'),
(1374, 'Ciboy'),
(1375, 'Fr*dayHatesYou/Lizardenby'),
(1376, 'Cengender'),
(1377, 'Cendboy'),
(1378, 'Esmogender'),
(1379, 'Textfemalgender'),
(1380, 'Aecisgender'),
(1381, 'Endoboy'),
(1382, 'Darkcoloren'),
(1383, 'The Alibinary System'),
(1384, 'Cluttergender'),
(1385, 'Galamorycti'),
(1386, 'Secondarycolorkinic'),
(1387, 'Demiangelgender'),
(1388, 'Distortic'),
(1389, 'Splatsgender'),
(1390, 'Felisgender'),
(1391, 'Neurogirl'),
(1392, 'Demifluidfem'),
(1393, 'Mewocharic'),
(1394, 'Asterenby'),
(1395, 'Hemiboy'),
(1396, 'Cassgenital'),
(1397, 'Perogender'),
(1398, 'Gummyic'),
(1399, 'Social Transition'),
(1400, 'Pepmintlavenderic'),
(1401, 'Lesbithing'),
(1402, 'Copygender'),
(1403, 'Keygender'),
(1404, 'Liminaparten'),
(1405, 'Tucute'),
(1406, 'Notdeericmasc'),
(1407, 'Venngender'),
(1408, 'Xumgender'),
(1409, 'Trans Sexual'),
(1410, 'IKEAgender'),
(1411, 'Iceberglettucegender'),
(1412, 'Nascigender'),
(1413, 'Pearlroomic'),
(1414, 'Theresa Sparks'),
(1415, 'Gender fluid'),
(1416, 'Genderlunet'),
(1417, 'Linnutgender'),
(1418, 'Raigender'),
(1419, 'Blueberrycakegender'),
(1420, 'Errgender'),
(1421, 'Cisgendered'),
(1422, 'Electrogender (Gamegender)'),
(1423, 'Hillgender'),
(1424, 'Trivir'),
(1425, 'Marblegender'),
(1426, 'Spacedream'),
(1427, 'Nocturine'),
(1428, 'Genderrydbergpolaron'),
(1429, 'Astenby'),
(1430, 'Demiboyfluix'),
(1431, 'Thirdgirlfluid'),
(1432, 'Maplecute'),
(1433, 'Fireicething'),
(1434, 'Strawberrymacarongender'),
(1435, 'BoxJric'),
(1436, 'Plurigender'),
(1437, 'Strawberrycropic'),
(1438, 'Nonbinarything'),
(1439, 'Polything'),
(1440, 'Offboy'),
(1441, 'Puzzlegender'),
(1442, 'Marfluid'),
(1443, '-Aesic'),
(1444, 'Virtualboyic'),
(1445, 'Flualistatic'),
(1446, 'Galacticbeing'),
(1447, 'Catrainphantic'),
(1448, 'Sortatraumatized'),
(1449, 'Demienby'),
(1450, 'Genderxenolibrarian'),
(1451, 'Cissexed'),
(1452, 'Hyporexgender'),
(1453, 'Tealian'),
(1454, 'Smileylexic'),
(1455, 'Pianogender'),
(1456, 'Fluidfluxfae'),
(1457, 'Watermelonwolfgender'),
(1458, 'Vulpistonarchic'),
(1459, 'Disaconsean'),
(1460, 'Tigerhonum'),
(1461, 'Greengender'),
(1462, 'Tarocropic'),
(1463, 'Goreaesic'),
(1464, 'Christmasgender'),
(1465, 'Mniofirin'),
(1466, 'Rainic'),
(1467, 'Jokegender'),
(1468, 'Valentinesdaything'),
(1469, 'Fictigender'),
(1470, '(color)crystalix'),
(1471, 'Cinnaboy'),
(1472, 'Gxrlflux'),
(1473, 'Mythogender'),
(1474, 'Cutevoidgender'),
(1475, 'Demifeligender'),
(1476, 'Foodgender'),
(1477, 'Intersex'),
(1478, 'Starryxic'),
(1479, 'Hijra'),
(1480, 'Neuinengender'),
(1481, 'Panabinarity'),
(1482, 'Refluxualgender'),
(1483, 'Nachtine'),
(1484, 'Mingender'),
(1485, 'Fictifluid'),
(1486, 'Hoshinolexic'),
(1487, 'Pinkchocoaesic'),
(1488, 'Proxvir'),
(1489, 'Bigenderflux'),
(1490, 'B♡y'),
(1491, 'Angelcat'),
(1492, 'Hyperfluid'),
(1493, 'Pikagender'),
(1494, 'Flugenistatic'),
(1495, 'Unibinary'),
(1496, 'Blodeyplasteren'),
(1497, 'Demiwallgirl'),
(1498, 'Careerthoughtic'),
(1499, 'Fleshinkling'),
(1500, 'Aethergender'),
(1501, 'Faikepic'),
(1502, 'Siamesegender'),
(1503, 'Boygenius'),
(1504, 'Eluvian'),
(1505, 'Genderbalanced'),
(1506, 'Genderbroken'),
(1507, 'Rixygender'),
(1508, 'Seasogender'),
(1509, 'Mimmigender'),
(1510, 'IKRgender'),
(1511, 'Genderfrith'),
(1512, 'Morgenine'),
(1513, 'Heianagegender'),
(1514, 'Moxegender'),
(1515, 'Cherricropic'),
(1516, 'Oingender'),
(1517, 'Sweetgender'),
(1518, 'Dumbooctopusgender'),
(1519, 'Raindropic'),
(1520, 'Visible'),
(1521, 'Cutehelkitix'),
(1522, 'Supragender'),
(1523, 'Trans men'),
(1524, 'Sortagirl+'),
(1525, 'Rainbow Flag'),
(1526, 'Agender x'),
(1527, 'Brattyowo/Thuaggender'),
(1528, 'Demigendervoid'),
(1529, 'Penultrois'),
(1530, 'Semivoidgender'),
(1531, 'Eldritchhoarder'),
(1532, 'Shenaniganlexic'),
(1533, 'Phobigender'),
(1534, 'Medicalization'),
(1535, 'Sundivine'),
(1536, 'Recugender'),
(1537, 'Jackalgender'),
(1538, 'Alexandridic'),
(1539, 'Crossfeminine'),
(1540, 'Presentisian'),
(1541, 'Gardenia'),
(1542, 'Spiralgenius'),
(1543, 'Gender binary'),
(1544, 'Sugrxygender'),
(1545, 'Vaguegender'),
(1546, 'Weregender'),
(1547, 'Dusklexic'),
(1548, 'Vusilios'),
(1549, 'Azurgirlflagic'),
(1550, 'Chocogender'),
(1551, 'Fluxshroomic'),
(1552, 'Spacejunkgender'),
(1553, 'Triflux'),
(1554, 'Nonvir'),
(1555, 'Zodiacgender'),
(1556, 'Bloodcat'),
(1557, 'Backroomic'),
(1558, 'Misogyny'),
(1559, 'Nanogirl'),
(1560, 'Gråttiaen'),
(1561, 'One piece-gender'),
(1562, 'Genderthell'),
(1563, 'Rubymilkic'),
(1564, 'Eosgender'),
(1565, 'Writegender'),
(1566, 'Celestial Gender System'),
(1567, 'Gender Binary'),
(1568, 'Agenderflux'),
(1569, 'Tectogender'),
(1570, 'Genderjellyfishflux'),
(1571, 'Baposousavrica'),
(1572, 'Creabrosousavrica'),
(1573, 'Aestheticenic'),
(1574, 'Naturecoric'),
(1575, 'Axefrilled'),
(1576, 'Dancegender'),
(1577, 'Loveperson'),
(1578, 'Medical transition'),
(1579, 'Bibliaromic'),
(1580, 'Globogender'),
(1581, 'Abrogender'),
(1582, 'FuturaeGender'),
(1583, 'Voidpolyflux'),
(1584, 'Dosugirl'),
(1585, 'Gender expression'),
(1586, 'Trypanophobiagender'),
(1587, 'Neurobinary'),
(1588, 'Filkogender'),
(1589, 'Violagender'),
(1590, 'Gendersylphet'),
(1591, 'Highlightergender'),
(1592, 'Scapulimancic'),
(1593, 'Batthing'),
(1594, 'Amogusgender'),
(1595, 'Gender Euphoria'),
(1596, 'Fossilgender'),
(1597, 'Tri-vir'),
(1598, 'Tauragender'),
(1599, 'Paraboy'),
(1600, 'Meteorive'),
(1601, 'Genderbi'),
(1602, 'Haloxine'),
(1603, 'Tsunamicat'),
(1604, 'Librarygender'),
(1605, 'Neo AGABs'),
(1606, 'Umbrellabeing'),
(1607, 'Technigender'),
(1608, 'Androflux'),
(1609, 'Hypergender'),
(1610, 'Childflux'),
(1611, 'Funlevelgender'),
(1612, 'Icebergender'),
(1613, 'Quariwarmi'),
(1614, 'Candycoric'),
(1615, 'Marsgender'),
(1616, 'Genderwallfluid'),
(1617, 'Citrusgender'),
(1618, 'Sciencecoric'),
(1619, 'Virgender'),
(1620, '@w@gender'),
(1621, 'Tips and Tricks for Presentation and More'),
(1622, 'Headphojoyic'),
(1623, 'Sanguarcadia'),
(1624, 'Tucking'),
(1625, 'Poldergender'),
(1626, 'Starfallfem'),
(1627, 'Genderkuurosade'),
(1628, 'Biantigender'),
(1629, 'Demiobianglegender'),
(1630, 'Kafean'),
(1631, 'Verangender'),
(1632, 'Animagauditraitic'),
(1633, 'David Reimer'),
(1634, 'Gendered Language'),
(1635, 'Darlinglexic'),
(1636, 'Neutrandrogyne'),
(1637, 'Pride Parade'),
(1638, 'Genderchild'),
(1639, 'Organisation Intersex International Australia'),
(1640, 'Tempugender'),
(1641, 'UntitledGoo3e/Plastibeadicgirl'),
(1642, 'Terisalmamica'),
(1643, 'Genderfloretten'),
(1644, 'Binding'),
(1645, 'Bloomboy'),
(1646, 'Calicocatlic'),
(1647, 'Packediceometric'),
(1648, 'Bubblebeegender'),
(1649, 'Cosmalic'),
(1650, 'Noirclothepunkian'),
(1651, 'Dreamcoric'),
(1652, 'Pastacolorgender'),
(1653, 'Periwinklec'),
(1654, 'Hazardgender'),
(1655, 'Pre-op'),
(1656, 'Agirl'),
(1657, 'Genderpastel'),
(1658, 'Mascxenospike'),
(1659, 'Tigergender'),
(1660, 'Angechic'),
(1661, 'Idolthing'),
(1662, 'Transneutral'),
(1663, 'Lilagender'),
(1664, 'Genderfalse'),
(1665, 'Demifelisgender'),
(1666, 'Doing Gender'),
(1667, 'Daingender'),
(1668, 'Perceived gender'),
(1669, 'Hoardeangender'),
(1670, 'Neumaisgender'),
(1671, 'Xincollector'),
(1672, 'Panthing'),
(1673, 'Broccyic'),
(1674, 'Müllerian'),
(1675, 'Binary'),
(1676, 'Gnawstimmic'),
(1677, 'Phosyandere'),
(1678, 'Caedogender'),
(1679, 'Lovunivasic'),
(1680, 'Pastelloveic'),
(1681, 'Notdeericneu'),
(1682, 'Nonbinary'),
(1683, 'Trans-exclusionary radical feminists'),
(1684, 'Feelgender'),
(1685, 'Nursething'),
(1686, 'Quexyigender'),
(1687, 'Mushhoard'),
(1688, 'Castlelexic'),
(1689, 'Magigirl'),
(1690, 'Partygoergender'),
(1691, 'Sortanothing'),
(1692, 'Covec'),
(1693, 'Fluidshroomic'),
(1694, 'Horrostalgic'),
(1695, 'Bidemigender'),
(1696, 'Lizardfluid'),
(1697, 'Faunagender'),
(1698, 'Fluctugender'),
(1699, 'Gender spectrum'),
(1700, 'Wavydualic'),
(1701, 'Hotcocoaic'),
(1702, 'Sydpage'),
(1703, 'Beiunivasic'),
(1704, 'Demixenby'),
(1705, 'Mxxngender'),
(1706, 'Quesadillagender'),
(1707, 'Nysnönine'),
(1708, 'Surgender'),
(1709, 'Cadensjazzgender'),
(1710, 'Fennegender'),
(1711, 'Maverique'),
(1712, 'Xerogender'),
(1713, 'Fuchsianix'),
(1714, 'Demimale'),
(1715, 'Oxigender'),
(1716, 'Voidgirlflux'),
(1717, 'Fakaleiti'),
(1718, 'Chocolate Icecreamgender'),
(1719, 'Endogender'),
(1720, 'Genderful'),
(1721, 'AntorGender'),
(1722, 'Evecharic'),
(1723, 'Toxicstaric'),
(1724, 'Thuaggender'),
(1725, 'Kinnie abrogender'),
(1726, 'Loripsic'),
(1727, 'Fleregenus'),
(1728, 'Mesospheregender'),
(1729, 'Demigirlflux'),
(1730, 'Exogender'),
(1731, 'Boy'),
(1732, 'Sangetellic'),
(1733, 'Boi'),
(1734, 'Angelnumeric'),
(1735, 'Åsksnöine'),
(1736, 'Jellybeanmilkic'),
(1737, 'Demifux'),
(1738, '-Univasic'),
(1739, 'Veximale'),
(1740, 'Avocadogender'),
(1741, 'Yoseandrogynous'),
(1742, 'Transgendered'),
(1743, 'Caprigender'),
(1744, 'Khanith'),
(1745, 'Blueberrygender'),
(1746, 'Xenoflora'),
(1747, 'Neoncoloric'),
(1748, 'Two-Spirit'),
(1749, 'Worldgender'),
(1750, 'Weekfluid'),
(1751, 'Transwoman'),
(1752, 'Yoseboy'),
(1753, 'Ourplegender'),
(1754, 'Fennecgender'),
(1755, 'Sunsetgender'),
(1756, 'Cogender (Gender identity)'),
(1757, 'Ricecropic'),
(1758, 'Fluiagender'),
(1759, 'Genderbodiment System'),
(1760, 'Pride Parades in South Africa'),
(1761, 'Genderferro'),
(1762, 'Yosenonbinary'),
(1763, 'Genderfaer'),
(1764, 'Legal gender'),
(1765, 'Emeraldmilkic'),
(1766, 'Cendenby'),
(1767, 'Neuroboy'),
(1768, 'Lunaeic'),
(1769, 'Balloongender'),
(1770, 'Third gender'),
(1771, 'Trans Men'),
(1772, 'Ipso gender'),
(1773, 'Mecharagender'),
(1774, 'Daegenderfluid'),
(1775, 'Syllacer'),
(1776, 'Pompancakeic'),
(1777, 'Brokenangelboy'),
(1778, 'Orchidboy'),
(1779, 'Orientationgender'),
(1780, 'Panthagender'),
(1781, 'Erneric'),
(1782, 'Artdragon'),
(1783, 'Aingender'),
(1784, 'Satuiaspec'),
(1785, 'D zzasgender'),
(1786, 'Parafluidflux'),
(1787, 'Delugefluid'),
(1788, 'UgandaGender'),
(1789, 'Xenic Alignment System (Gem Gender System)'),
(1790, 'Rozur²'),
(1791, 'Ineffable Gender'),
(1792, 'Melodydragon'),
(1793, 'Pride'),
(1794, 'Aerosolgender'),
(1795, 'Blankiegender'),
(1796, 'Arboraromic'),
(1797, 'Cendgirl'),
(1798, 'Lulovien'),
(1799, 'Bagpipegender'),
(1800, 'Catboygender'),
(1801, 'Girlfluid'),
(1802, 'Assigned Gender At Birth'),
(1803, 'Hazymorningid'),
(1804, 'Periwinkleyn'),
(1805, 'Reflective Gender'),
(1806, 'Liminspircaseic'),
(1807, 'Carlric'),
(1808, 'Tomatocropic'),
(1809, 'Ancientus'),
(1810, 'Pancakic'),
(1811, 'Cokegummygender'),
(1812, 'Bluejazzcropic'),
(1813, 'Foxifori'),
(1814, 'Capuaromic'),
(1815, 'Acegender'),
(1816, 'Lovecoric'),
(1817, 'Notdeericfemasc'),
(1818, 'Genderlanguor'),
(1819, 'Feminization Laryngoplasty'),
(1820, 'Gender Identity'),
(1821, 'Thingcenic'),
(1822, 'Exoyn'),
(1823, 'Related Pronouns Guide'),
(1824, 'Implagender'),
(1825, 'Souryaic'),
(1826, 'Ferrumflameo'),
(1827, 'Cecilia Chung'),
(1828, 'Breast Augmentation'),
(1829, 'Magicia'),
(1830, 'Dessertic'),
(1831, 'Cennedgender'),
(1832, 'Caeruleusfluid'),
(1833, 'Sortaneither'),
(1834, 'Chase Ross'),
(1835, 'Atomicgender'),
(1836, 'Masc'),
(1837, 'Truscum'),
(1838, 'Phosanguial'),
(1839, 'Anongender'),
(1840, 'Honeycoric'),
(1841, 'Inceptogender'),
(1842, 'Nightplushgender'),
(1843, 'Hormone Replacement Therapy'),
(1844, 'Gendervoight'),
(1845, 'Cirrufawn'),
(1846, 'Paragender'),
(1847, 'Rijmin'),
(1848, 'Internetexplorergender'),
(1849, 'Idingender'),
(1850, 'Trans-Gender'),
(1851, 'Pandemigender'),
(1852, 'Leafegender'),
(1853, 'Concefaun'),
(1854, 'Caitlyn Jenner'),
(1855, 'Coyotething'),
(1856, 'Varntgender'),
(1857, 'Miaspec'),
(1858, 'Poolroomic'),
(1859, 'Gothcoric'),
(1860, 'Hangeric'),
(1861, 'Nioxygender'),
(1862, 'Cybertimecat'),
(1863, 'Cigirl'),
(1864, 'Negatrois'),
(1865, 'Nuitsolum'),
(1866, 'Celestial Gender'),
(1867, 'Galaxxin'),
(1868, 'Revealgender'),
(1869, 'Totucgender'),
(1870, 'Albrozagender'),
(1871, 'Silhouettic'),
(1872, 'Tortehonum'),
(1873, 'Lemongender'),
(1874, 'Altervoidflux'),
(1875, 'Xirlvague'),
(1876, 'Androgynous gender'),
(1877, 'Moonthing'),
(1878, 'Axogender'),
(1879, 'Plasmalexic'),
(1880, 'Brown Wolfgender'),
(1881, 'Suicide'),
(1882, 'Hyperflaxidra'),
(1883, 'Femminiello'),
(1884, 'Nebulamage'),
(1885, 'Demiguy'),
(1886, 'Antigenderfluid'),
(1887, 'Apegender'),
(1888, 'Neonlightcloudic'),
(1889, 'Administration'),
(1890, '-univasic'),
(1891, 'Gender Distant'),
(1892, 'Masculinism'),
(1893, 'Solshimmergender'),
(1894, 'Sabliergender'),
(1895, 'Moonjournalic'),
(1896, 'Carobgender'),
(1897, 'Intramascflux'),
(1898, 'Açaíne'),
(1899, 'Nongender'),
(1900, 'Euringender'),
(1901, 'Furrygender'),
(1902, 'Non-Confirming Male'),
(1903, 'Faicheian'),
(1904, 'The Galactian Alignments'),
(1905, 'Porcelcatdressic'),
(1906, 'Warmcoloren'),
(1907, 'Circgender'),
(1908, 'Neptunelexic'),
(1909, 'Noxastrnus'),
(1910, 'Voidomniflux'),
(1911, 'Lovedream'),
(1912, 'Genderfruct'),
(1913, 'Genderstill'),
(1914, 'Colorqueer'),
(1915, 'Rosgirl'),
(1916, 'Digibunnix'),
(1917, 'Hypersensic'),
(1918, 'Darkagesgender'),
(1919, 'Genderspongeus'),
(1920, 'Chaotiacademic'),
(1921, 'Gendielexic'),
(1922, 'Cottagecoric'),
(1923, 'Genderslide'),
(1924, 'Duskian'),
(1925, 'Roseroomic'),
(1926, 'Attrigender'),
(1927, 'Liminix'),
(1928, 'Spectral Gender System'),
(1929, 'Plantcoric'),
(1930, 'Personagender'),
(1931, 'Popgender'),
(1932, 'Umbrella Term'),
(1933, 'Musiboxgender'),
(1934, 'Hemigender'),
(1935, 'FAQ: Gender Questions'),
(1936, 'Libramasculine'),
(1937, 'FAQ'),
(1938, 'Mazegender'),
(1939, 'Galasterios'),
(1940, 'Demimascandrogyneflux'),
(1941, 'Gendergryph'),
(1942, 'Shinilita'),
(1943, 'Transgender Victoria'),
(1944, 'Linumgender'),
(1945, 'Afemspike'),
(1946, 'Termcollector'),
(1947, 'Pentrois'),
(1948, 'Purevencraveic'),
(1949, 'Gendercoininggender'),
(1950, 'Genderfox'),
(1951, 'Holigender'),
(1952, 'Bigenderfluid'),
(1953, 'Drunkorexgender'),
(1954, 'Fluidnameic'),
(1955, 'Gendertamen'),
(1956, 'Gendersky'),
(1957, 'John Money'),
(1958, 'Neutral gender'),
(1959, 'Demixenogender'),
(1960, 'Sanriofluid'),
(1961, 'Paradaisigender'),
(1962, 'Fem'),
(1963, 'Lovesickgender'),
(1964, 'Vixboy'),
(1965, 'Wildwestgender'),
(1966, 'Differences Between Gender and Sex'),
(1967, 'Autophobiagender'),
(1968, 'Distantglowfem'),
(1969, 'Aboixygender'),
(1970, 'Agenderat'),
(1971, 'Demieafluid'),
(1972, 'Genderwitch'),
(1973, 'Genderflill'),
(1974, 'Libradyadneutral'),
(1975, 'Gate-keeping'),
(1976, 'Videbleuon'),
(1977, 'Demimarfluid'),
(1978, 'Libramaverique'),
(1979, 'Comgender'),
(1980, 'Webhorric'),
(1981, 'Benegender'),
(1982, 'Lacrilladornic'),
(1983, 'Fishskeletic'),
(1984, 'Nixboy'),
(1985, 'Femboy'),
(1986, 'Genderfloret'),
(1987, 'Ithomiinigender'),
(1988, 'Mixflux'),
(1989, 'Hebdomagender'),
(1990, 'Travesti'),
(1991, 'Darkgenderthing'),
(1992, 'Aingener'),
(1993, 'Forsenboy'),
(1994, 'Fema-change'),
(1995, 'Syllvulpa'),
(1996, 'Trans-Sexual'),
(1997, 'Fleshobjectic'),
(1998, 'Polyflux'),
(1999, 'Seastelsailic'),
(2000, 'Wallenby'),
(2001, 'Dulcie'),
(2002, 'Weirdcorestalgic'),
(2003, '-coric'),
(2004, 'Sadgender'),
(2005, 'Gendercrater'),
(2006, 'Linariagender'),
(2007, 'Malavielon'),
(2008, 'Catpastelic'),
(2009, 'Demifemandrogyneflux'),
(2010, 'Intensigender'),
(2011, 'DemiNon-binary'),
(2012, 'Staroctopusic'),
(2013, 'Technogender (Audiogender)'),
(2014, 'Terneutral'),
(2015, 'Men'),
(2016, 'Shadend'),
(2017, 'Stratosgender'),
(2018, 'Trans-Intersexual'),
(2019, 'Tennisgender'),
(2020, 'Tomatogender'),
(2021, 'BBDric'),
(2022, 'Diglexic'),
(2023, 'Plétoile'),
(2024, 'Leogender'),
(2025, 'Clutterboy'),
(2026, 'Optiliminic'),
(2027, 'Gender system'),
(2028, 'Fwufilovi'),
(2029, 'Pastelpunkdoll'),
(2030, 'Systemgender'),
(2031, 'Foxgender'),
(2032, 'Angellen'),
(2033, 'Mintyic'),
(2034, 'Pride flags'),
(2035, 'Magicute'),
(2036, 'Voidpanflux'),
(2037, 'Fruit Salad'),
(2038, 'Abinariflux'),
(2039, 'Ominogender'),
(2040, 'Diastasi'),
(2041, 'Cometmage'),
(2042, 'Pastelle'),
(2043, 'Boylady'),
(2044, 'Femelven'),
(2045, 'Oceaforesvir'),
(2046, 'Orangecatgender'),
(2047, 'Silveric'),
(2048, 'Oculoric'),
(2049, 'Vaxgender'),
(2050, 'Pangenderflux'),
(2051, 'Gore-Aligned'),
(2052, 'Naturogender'),
(2053, 'Zilchgender'),
(2054, 'Forstiric'),
(2055, 'Bambiminiongender'),
(2056, 'Libragender'),
(2057, 'Piscesgender'),
(2058, 'Caelestialisian'),
(2059, 'Galactiemoen'),
(2060, 'Lumirian'),
(2061, 'Allempatix'),
(2062, 'Incompgelic'),
(2063, 'Forestcoric'),
(2064, 'Sekhet'),
(2065, 'Whitecatgender'),
(2066, 'Paraflux'),
(2067, 'List Of Genders'),
(2068, 'GORIN'),
(2069, 'Bilesbigender'),
(2070, 'Neoboy'),
(2071, 'Nullxietygender'),
(2072, 'Pastromic'),
(2073, 'Heminonbinaryflux'),
(2074, 'Xenoirgender'),
(2075, 'Jazz Jennings'),
(2076, 'Gender-variant'),
(2077, 'Greekgender'),
(2078, 'Angelsproutaen'),
(2079, 'Fingender'),
(2080, 'Purplemountainmajestyic'),
(2081, 'Intershoomic'),
(2082, 'Doerflux'),
(2083, 'Qoxygender'),
(2084, 'Totusgender'),
(2085, 'Panflux'),
(2086, 'Femmtint'),
(2087, 'X dgender'),
(2088, 'Uniqlocat'),
(2089, 'Melodic'),
(2090, 'Kingenderflux'),
(2091, 'Orthorexgender'),
(2092, 'Contragender (Antigender)'),
(2093, 'Demigenderflux'),
(2094, 'Ambinull'),
(2095, 'Beachdatic'),
(2096, 'Genderstory'),
(2097, 'Srediasic'),
(2098, 'Amaregender'),
(2099, 'FAAB'),
(2100, 'Representation of Transgender people in Modern Media'),
(2101, 'Seacollectskelic'),
(2102, 'Demimultifem'),
(2103, 'Mythologender'),
(2104, 'Transexual'),
(2105, 'Crypfrustra'),
(2106, 'Chalondian'),
(2107, 'Milkian Quartz'),
(2108, 'Ratplushic'),
(2109, 'Unambiguous'),
(2110, 'Surgirfaun'),
(2111, 'Sweetpianogender'),
(2112, 'Diagender'),
(2113, 'Bigirlpolar'),
(2114, 'Nubgender'),
(2115, 'Shroomlexic'),
(2116, 'Gendercrushed'),
(2117, 'Scorpifluid'),
(2118, 'Strawbfizzflavic'),
(2119, 'Engelichoarder'),
(2120, 'Pastelgothcoric'),
(2121, 'Transmasc'),
(2122, 'PresentationFluid'),
(2123, 'Voidomnifluidflux'),
(2124, 'Jaxygender'),
(2125, 'Unfemgender'),
(2126, 'Squid-Aliengender'),
(2127, 'Paraomnigender'),
(2128, 'Boyhoard'),
(2129, 'Pancakecat'),
(2130, 'Neoboyflux'),
(2131, 'Daegender'),
(2132, 'Clutterthing'),
(2133, 'Distopix'),
(2134, 'Sex'),
(2135, 'Birdthing'),
(2136, 'Maplesalmosweetica'),
(2137, 'Feeligender'),
(2138, 'Darkgender'),
(2139, 'Constellen'),
(2140, 'Neonic'),
(2141, 'Vanilla Icecreamgender'),
(2142, 'Albinic'),
(2143, 'Gender Field theory'),
(2144, 'Genderlibrarian'),
(2145, 'Periwinklic'),
(2146, 'Genderflorent'),
(2147, 'Nougyic'),
(2148, 'Azurgirl'),
(2149, 'Antiaporagender'),
(2150, 'Fijellygific'),
(2151, 'Octothing'),
(2152, 'Chococloude'),
(2153, 'Cennendgender'),
(2154, 'AGEAB'),
(2155, 'Gendervolna'),
(2156, 'Genderchou'),
(2157, 'Spacechild'),
(2158, 'Crossdresser'),
(2159, 'Darksirenic'),
(2160, 'Non-Confirming Female'),
(2161, 'Gendercolorare'),
(2162, 'Sadboy'),
(2163, 'Simigender'),
(2164, 'Viabinary-to-Binary'),
(2165, 'Bivestite'),
(2166, 'Gefallenerhoarder'),
(2167, 'Webcoristalgic'),
(2168, 'Angelenic'),
(2169, 'Karmagender'),
(2170, 'Enboyspike'),
(2171, 'Neurogxrl'),
(2172, 'AFAB Transfem'),
(2173, '⋆˖⁺‧₊☽◯☾₊‧⁺˖⋆gender'),
(2174, 'Vibeic'),
(2175, 'Applecropic'),
(2176, 'Staciunian Gender Group'),
(2177, 'Vulpistylartic'),
(2178, 'Domgender / Plerugender'),
(2179, 'Hellaine'),
(2180, 'Gendersilkie'),
(2181, 'Rainbowcat'),
(2182, 'Policies'),
(2183, 'Xenotint'),
(2184, 'Puberty Blockers'),
(2185, 'Toxicstarlexic'),
(2186, 'Agentogender'),
(2187, 'Lockedheartity'),
(2188, 'Plantpotic'),
(2189, 'Lunettian'),
(2190, 'Bluetigender'),
(2191, 'Treatlexic'),
(2192, 'Moonbeing'),
(2193, 'Twothousandgender'),
(2194, 'Unholylexic'),
(2195, 'ADnurix'),
(2196, 'Transvestism'),
(2197, 'Genderbumblebee'),
(2198, 'Neugenders'),
(2199, 'Catbackroomic'),
(2200, 'Wintercat'),
(2201, 'Catnipgender'),
(2202, 'Schrodingergender'),
(2203, 'Adventurecoric'),
(2204, 'Oiaspec'),
(2205, 'Etheangi'),
(2206, 'Disgender'),
(2207, 'Femtac'),
(2208, 'Birth sex'),
(2209, 'Egotint'),
(2210, 'Foxgirl'),
(2211, '-Albumic'),
(2212, 'Apwalsalfreshic'),
(2213, 'Drag Artist'),
(2214, 'Moexigender'),
(2215, 'Pyrophobiagender'),
(2216, 'Seasofluid'),
(2217, 'Winterfrost'),
(2218, 'Pumpkinspice Gender'),
(2219, 'Billiric'),
(2220, 'Nejfluid'),
(2221, 'Panfaunagender'),
(2222, 'Gendernasiterna'),
(2223, 'Godgender'),
(2224, 'Top surgery'),
(2225, 'Lexic'),
(2226, 'Abyssgender'),
(2227, 'Autumnaesic'),
(2228, 'Cadensgender'),
(2229, 'Chocoghost'),
(2230, 'Aerowhalic'),
(2231, 'Gender identity disorder'),
(2232, 'Vulplipresentic'),
(2233, 'Xenohoarder'),
(2234, '-Tint'),
(2235, 'Mniobainin'),
(2236, 'Twirlyboygirl'),
(2237, 'Sissy'),
(2238, 'Surprisegender'),
(2239, 'Roboconegender'),
(2240, 'Daymage'),
(2241, 'Abalienobaonic'),
(2242, 'Relevant Coiners'),
(2243, 'Lovegardic'),
(2244, 'Unalimfort'),
(2245, 'Eldrenic'),
(2246, 'Counteriangender'),
(2247, 'Linkgender'),
(2248, 'Mercurian'),
(2249, 'Bettagender'),
(2250, 'Tomboy'),
(2251, 'Dreadrhopahlic'),
(2252, 'Nightfoggic'),
(2253, 'Trisemsectgender'),
(2254, 'Solisgender'),
(2255, 'Violetgender'),
(2256, 'Crassagender'),
(2257, 'Gloegender'),
(2258, 'Flufflexic'),
(2259, 'Post-op'),
(2260, 'Novarian'),
(2261, 'Schicksalgender'),
(2262, 'Flouritian'),
(2263, 'Chalkyfluid'),
(2264, 'Gender vs sex'),
(2265, 'Venufluid'),
(2266, 'Pangender'),
(2267, 'Yuva-Roiandri'),
(2268, 'Ineffable'),
(2269, 'Pupghostic'),
(2270, 'Stellarlexic'),
(2271, 'Kircoric'),
(2272, 'Zoxygender'),
(2273, 'Onyxian'),
(2274, 'Suncreature'),
(2275, 'Femxenospike'),
(2276, 'Fuzzmiivix'),
(2277, 'Mascnul'),
(2278, 'Dazefluid'),
(2279, 'Varigender'),
(2280, 'Femmasctint'),
(2281, 'Oriengender'),
(2282, 'Nightfluid'),
(2283, 'Xenoaspike'),
(2284, 'LostMallGender'),
(2285, 'Faunetflux'),
(2286, 'Lunaregender'),
(2287, 'Centrois'),
(2288, 'Yinyang Ren'),
(2289, 'Light Silveric'),
(2290, 'Gender-bending'),
(2291, 'Gradientgender'),
(2292, 'Amorgirl'),
(2293, 'Baplexic'),
(2294, 'Mascfemspike'),
(2295, 'Angercoric'),
(2296, 'Fluid-Fluid'),
(2297, 'Intercidogender'),
(2298, 'Starfallmasc'),
(2299, 'Trans gendered'),
(2300, 'Altgender'),
(2301, 'Cendgender'),
(2302, 'Aspect-Aligned Gender Spectrum'),
(2303, 'Emeraldgender'),
(2304, 'Agrian'),
(2305, 'Cantric'),
(2306, 'Femme'),
(2307, 'Magiboy'),
(2308, 'X-gender'),
(2309, 'Endogirl'),
(2310, 'Moodfluid'),
(2311, 'Bianpolar'),
(2312, 'Denchuhsgender'),
(2313, 'Demiboygirl'),
(2314, 'Capriogender'),
(2315, 'Cofluid'),
(2316, 'Deckfluid'),
(2317, 'Ancientegyptgender'),
(2318, 'Devilgender'),
(2319, 'Niaspec'),
(2320, 'Lavandulagirl'),
(2321, 'Mascaspike'),
(2322, 'Celesnomial'),
(2323, 'Nucleotrois'),
(2324, 'Magifluid'),
(2325, 'SemiBoy-Three'),
(2326, 'Focusgender'),
(2327, 'Not!Gender'),
(2328, 'Neoion'),
(2329, 'Snickerdoodlecookiegender'),
(2330, 'Voidladyflux'),
(2331, 'Aquagender'),
(2332, 'Cakegender'),
(2333, 'Gxnderflxid'),
(2334, 'Punque'),
(2335, 'Apogender'),
(2336, 'Beetcropic'),
(2337, 'Gendercallais'),
(2338, 'Comxygender'),
(2339, 'Aquarcleancoric'),
(2340, 'Bengalgender'),
(2341, 'SAGAB'),
(2342, 'Girlby'),
(2343, 'Usigender'),
(2344, 'Noichoric'),
(2345, 'Sparklingdiamondgender'),
(2346, 'Trans* Pathologization'),
(2347, 'Dharmagender'),
(2348, 'Blaunauic'),
(2349, 'Zıtcisstag'),
(2350, 'Chronogender'),
(2351, 'Cobblogender'),
(2352, 'Gate-Keeping'),
(2353, 'Gender euphoria'),
(2354, 'Maverimasc'),
(2355, 'Quadfluid'),
(2356, 'User Rights'),
(2357, 'Gastrongender'),
(2358, 'Nubesgender'),
(2359, 'Gemgirl'),
(2360, 'Cogender'),
(2361, 'Näakjstemolboy'),
(2362, 'Bookcoric'),
(2363, 'Catgamergender'),
(2364, 'Deviantgender'),
(2365, 'Aneufluid'),
(2366, 'Audiogender'),
(2367, 'Examplegender (gender)'),
(2368, 'Boxyigender'),
(2369, '666gender'),
(2370, 'Xenofluix');
INSERT INTO `sex` (`id`, `sex`) VALUES
(2371, 'Tigers Eyeian'),
(2372, 'Quasifluid'),
(2373, 'Rainbowroomial'),
(2374, 'Libranonbinary'),
(2375, 'Fontgenderic'),
(2376, 'Kidcoric'),
(2377, 'Gothhellokittaesic'),
(2378, 'Drag Queen'),
(2379, 'Greycatstardewic'),
(2380, 'Satirical Gender'),
(2381, 'Feirlumgender'),
(2382, 'DNDVamp'),
(2383, 'Noctirian'),
(2384, 'Ophidian'),
(2385, 'Icecreamfluid'),
(2386, 'Nebularian'),
(2387, 'Name Ideas'),
(2388, 'Genderfrect'),
(2389, 'Plastibeadicboy'),
(2390, 'Panfragum'),
(2391, 'Spiholichizestic'),
(2392, 'Agender boy'),
(2393, 'Squidthing'),
(2394, 'Howlgender'),
(2395, 'Surgery'),
(2396, 'Pxngender'),
(2397, 'Ferretthing'),
(2398, 'Uingender'),
(2399, 'Potatocropic'),
(2400, 'Valenic'),
(2401, 'Bestfriencatic'),
(2402, 'Third Gender'),
(2403, '-Tix'),
(2404, 'Bloodbride'),
(2405, 'Boything'),
(2406, 'Aureusgender'),
(2407, 'Assigned gender'),
(2408, 'Grayfem'),
(2409, 'Notdeericneufem'),
(2410, 'Puberty blockers'),
(2411, 'Cluttermasculine'),
(2412, 'Concegender'),
(2413, 'Poopgender'),
(2414, 'Spaghettic'),
(2415, 'Demicisgenderless'),
(2416, 'Eftgender'),
(2417, 'Explorogender'),
(2418, 'Femaspike'),
(2419, 'Veloxigender'),
(2420, 'G♡rl'),
(2421, 'Boygirlflux'),
(2422, 'Allwolfgender'),
(2423, 'Firetigergender'),
(2424, 'Multi-AGAB'),
(2425, 'Visicgender'),
(2426, 'Dyadic'),
(2427, 'Ragdollgender'),
(2428, 'Sketchgender'),
(2429, 'Onomatopeiagender'),
(2430, 'Quartz System'),
(2431, 'Tiredblanketic'),
(2432, 'Bluegender'),
(2433, 'Null gender'),
(2434, 'Sacrogender'),
(2435, 'Spinellian'),
(2436, 'Tellusian'),
(2437, 'Gender Queer'),
(2438, 'Gender creative'),
(2439, 'Genderself'),
(2440, 'Vinetorum'),
(2441, 'Trans-gendered'),
(2442, 'Yoshilexic'),
(2443, 'Textgender'),
(2444, 'Questioning'),
(2445, 'Cross-dresser'),
(2446, 'Starwashic'),
(2447, 'Foxenby'),
(2448, 'Hyperenby'),
(2449, 'Cis'),
(2450, 'Gotacathic'),
(2451, 'Knownfluid'),
(2452, 'Anogender'),
(2453, 'Nymphgender'),
(2454, 'GLBT'),
(2455, 'Notdeeric'),
(2456, 'Syllnocero'),
(2457, 'Psilogender'),
(2458, 'Lullacelesic'),
(2459, 'Bloodaesic'),
(2460, 'Demiobangle'),
(2461, 'Premale'),
(2462, 'Railliniwinic'),
(2463, 'Delphigender'),
(2464, 'Eldrilita'),
(2465, 'Xenby'),
(2466, 'Genderspikeflux'),
(2467, 'Catnipic'),
(2468, 'Whipcremfloofian'),
(2469, 'Virilflux'),
(2470, 'Glaciercat'),
(2471, 'Lunagender'),
(2472, 'Women'),
(2473, 'Gatekeeper'),
(2474, 'Neutrafemale'),
(2475, 'Kandicoric'),
(2476, 'Platypusgender'),
(2477, 'Panvagueflux'),
(2478, 'Gendersponge'),
(2479, 'Retrofluid'),
(2480, 'Albagender'),
(2481, 'Traumatagender'),
(2482, 'Bxy'),
(2483, 'Knarrsnöfe'),
(2484, 'Transmisogyny'),
(2485, 'Page-2-ids'),
(2486, 'Demibigender'),
(2487, 'Neurononbinary'),
(2488, 'Felidaegender'),
(2489, 'Outherine'),
(2490, 'Gendercosm'),
(2491, 'Sirensongic'),
(2492, 'Aquatix'),
(2493, 'Canisgender'),
(2494, 'Techgender'),
(2495, 'Catghostic'),
(2496, 'Trans*'),
(2497, 'Tetrisgender'),
(2498, 'Transman'),
(2499, 'Cabbagepultgender'),
(2500, 'Decoriv'),
(2501, 'Demiwoman'),
(2502, 'Leafin'),
(2503, 'Butch'),
(2504, 'Genderfree'),
(2505, 'Gendercove'),
(2506, 'Gxrl'),
(2507, 'Nebugender'),
(2508, 'Suicide among trans community'),
(2509, 'Tiggergender'),
(2510, 'Demiminigender'),
(2511, 'Stardewplumic'),
(2512, 'Undifferentiated'),
(2513, 'Mashgender'),
(2514, 'Dappledgender'),
(2515, 'Genderplate'),
(2516, 'Caminus gender'),
(2517, 'Farmgender'),
(2518, 'Fleshsproutaen'),
(2519, 'Conceptigender'),
(2520, 'Angrycatgender'),
(2521, 'Pancaeleste'),
(2522, 'Gumyic'),
(2523, 'Artgender'),
(2524, 'CitTwistric'),
(2525, 'Neatgender'),
(2526, 'Polygender'),
(2527, 'Roxywinxic'),
(2528, 'Olagender'),
(2529, 'Cigender'),
(2530, 'Mistraender'),
(2531, 'Axenlector'),
(2532, 'Frobloomgender'),
(2533, 'Tabbygender'),
(2534, 'Xoyflux'),
(2535, 'Lulolovien'),
(2536, 'Splitpeagender'),
(2537, 'Yamcropic'),
(2538, 'Corncropic'),
(2539, 'Gendervoid'),
(2540, 'Cissexual'),
(2541, 'Genderfroct'),
(2542, 'Alfrepastacheesic'),
(2543, 'Feacoulian'),
(2544, 'Positive representaton of trangender people in movies and tv'),
(2545, 'Bobagender'),
(2546, 'Terfem'),
(2547, 'Ethuredemonic'),
(2548, 'Voidboyflux'),
(2549, 'Thespisum'),
(2550, 'Veiraine'),
(2551, 'Alicorngender'),
(2552, 'Geologender'),
(2553, 'Acegirl'),
(2554, 'Gendergroslina'),
(2555, 'Queer Model Monday!'),
(2556, 'Catgender'),
(2557, 'Fjöcksnöeo'),
(2558, 'Allogender'),
(2559, 'Genderflor'),
(2560, 'Jobgender'),
(2561, 'Sunthing'),
(2562, 'Dinotix'),
(2563, 'Fryingpancat'),
(2564, 'ABCgender'),
(2565, 'Liminbodiment'),
(2566, 'Genderblanket'),
(2567, 'Nullflux'),
(2568, 'Pastelgreengender'),
(2569, 'Aurantiusfluid'),
(2570, 'Sortagirl'),
(2571, 'Diregender'),
(2572, 'Prononafluid'),
(2573, 'Genre-gender'),
(2574, 'Rubrozagender'),
(2575, 'Fleshlita'),
(2576, 'Chromafluid'),
(2577, 'Agenteddic'),
(2578, 'M&Mflurric'),
(2579, 'Trans gender'),
(2580, 'Tarantulagender'),
(2581, 'Zerogender'),
(2582, 'Genderwall'),
(2583, 'Demixenoboy'),
(2584, 'Neopolitan Icecreamgender'),
(2585, 'Aceboy'),
(2586, 'Fa afafine'),
(2587, 'Hemigirlflux'),
(2588, 'Parorexgender'),
(2589, 'Bacaromic'),
(2590, 'Cherozagender'),
(2591, 'Delixine'),
(2592, 'Quantigender'),
(2593, 'Chromarian'),
(2594, 'Robohoarder'),
(2595, 'Sanriogender'),
(2596, 'AMAB'),
(2597, 'Fluxgender'),
(2598, 'Darric'),
(2599, 'Recurnozestic'),
(2600, 'SummerMallGender'),
(2601, 'Aurorian(GAS)'),
(2602, 'Demivoidboy'),
(2603, 'Angelmeatic'),
(2604, 'Idkgender'),
(2605, 'Stimcreaturething'),
(2606, 'Inviane'),
(2607, 'Oldchocolic'),
(2608, 'Neonpinkgender'),
(2609, 'Gender Presentation'),
(2610, 'Futurahousic'),
(2611, 'Galaxymage'),
(2612, 'Triquiboy'),
(2613, 'Non-op'),
(2614, 'Aic'),
(2615, 'Jupiaspec'),
(2616, 'Jackalopic'),
(2617, 'Protimogender'),
(2618, 'Sympdoclyrica'),
(2619, 'Pluvluxic'),
(2620, 'Noxian'),
(2621, 'Genderstajon System'),
(2622, 'Trans-Intersex'),
(2623, 'Beachcoric'),
(2624, 'Paraenby'),
(2625, 'BSSgender'),
(2626, 'Icecreamgender'),
(2627, 'Omnicredeutic'),
(2628, 'Catpopsiclic'),
(2629, 'Luxygender'),
(2630, 'Artcoric'),
(2631, 'Seaspacic'),
(2632, 'Transfemmasc'),
(2633, 'Casiric'),
(2634, 'Aroace Agender'),
(2635, 'Badgerlexic'),
(2636, 'Novigender'),
(2637, 'Centrigender'),
(2638, 'Gendercharm'),
(2639, 'Hyperagenderflux'),
(2640, 'Koraalaic'),
(2641, 'Starobservic'),
(2642, 'Sunguardian'),
(2643, 'Protochaos'),
(2644, 'Names'),
(2645, 'Genderswitch'),
(2646, 'Whispiflufic'),
(2647, 'Cogender (Gender Inclusion)'),
(2648, 'Nekogender'),
(2649, 'Felinus System'),
(2650, 'Ferusgender'),
(2651, 'Binarneuro'),
(2652, 'Diamondmilkic'),
(2653, 'Xenine'),
(2654, 'Fuchsiac'),
(2655, 'Renaissanceagegender'),
(2656, 'Gexygender'),
(2657, 'Genderfage'),
(2658, 'Drag King'),
(2659, 'Gauflux'),
(2660, 'Gay Pride'),
(2661, 'Hex'),
(2662, 'Heartcookiegender'),
(2663, 'Trans-gender'),
(2664, 'Plantgender'),
(2665, 'Gender Bender'),
(2666, 'Transtrender'),
(2667, 'Vulpigenpresentic'),
(2668, 'Fervian'),
(2669, 'Gendermeh'),
(2670, 'Electrois'),
(2671, 'Eniric'),
(2672, 'Wolfpupgender'),
(2673, 'Orientation'),
(2674, 'Nebulasteri'),
(2675, 'Mindgender'),
(2676, 'Chaosfluid'),
(2677, 'Rioromeogender'),
(2678, 'Crowcoric'),
(2679, 'Aquarine'),
(2680, 'Gender traditionalist'),
(2681, 'Firehashen'),
(2682, 'Evilgender'),
(2683, 'Solusia'),
(2684, 'Editing Guide'),
(2685, 'Puerigender'),
(2686, 'Libralesbian'),
(2687, 'Enanteian'),
(2688, 'Genderfuck'),
(2689, 'Fernean'),
(2690, 'Gendersolid'),
(2691, 'Glowspaceaesic'),
(2692, 'Hezegender'),
(2693, 'EN1ric'),
(2694, 'Ideogender Spectrum'),
(2695, 'Daimogender'),
(2696, 'Historicgender'),
(2697, 'Perifluid'),
(2698, 'Ballpythongender'),
(2699, 'Genderpink'),
(2700, 'LIMIN'),
(2701, 'Vulpisgender'),
(2702, 'Xenolibrarian'),
(2703, 'Calicoplushic'),
(2704, 'Stellawinxic'),
(2705, 'Scigender'),
(2706, 'Springjenic'),
(2707, 'Paragirl'),
(2708, '-Decoriv'),
(2709, 'Vapogender'),
(2710, 'Saigegender'),
(2711, 'Gaygender'),
(2712, 'Coolcoloren'),
(2713, 'Feminism'),
(2714, 'Neonlightmilkywayic'),
(2715, 'Amareale'),
(2716, 'Genderfluid'),
(2717, 'Spoxygender'),
(2718, 'Genderdoe'),
(2719, 'Big Gender'),
(2720, 'Circa Binary'),
(2721, 'Dawnmage'),
(2722, 'Epicene'),
(2723, 'Neonlightsunic'),
(2724, 'Aboy'),
(2725, 'Galaxynoodlic'),
(2726, 'Orangegender'),
(2727, 'Nucleartoonic'),
(2728, 'Policies Summary/Redirection'),
(2729, 'Voidflux'),
(2730, 'Ponygender'),
(2731, 'Genital Surgery'),
(2732, 'Doctorbeing'),
(2733, 'Māhū'),
(2734, 'Femspike'),
(2735, 'Hawaiiaine'),
(2736, 'Smilidark'),
(2737, 'Skagender'),
(2738, 'Yosegender'),
(2739, 'Rossuine'),
(2740, 'Trans man'),
(2741, 'Wallquestioning'),
(2742, 'Electrogender (Xenogender)'),
(2743, 'Tricklexic'),
(2744, 'Obsgender'),
(2745, 'Masclady'),
(2746, 'Minusgender'),
(2747, 'Songgender'),
(2748, 'Mosaigender/Portiogender'),
(2749, 'Juparian'),
(2750, 'Neogirl'),
(2751, 'Surrealcoric'),
(2752, 'Biboypolar'),
(2753, 'Blackberric'),
(2754, 'DosuEnby'),
(2755, 'Choclyic'),
(2756, 'Astrumgender'),
(2757, 'Calihonum'),
(2758, 'Petnameus'),
(2759, 'Negabinary'),
(2760, 'Binary Gender'),
(2761, 'Ultigender'),
(2762, 'Pinkstrawbunnic'),
(2763, 'Naturetix'),
(2764, 'Cis by Default'),
(2765, 'Suicidefluid'),
(2766, 'Macawgender'),
(2767, 'Ideobinary'),
(2768, 'BrawlStarsGender'),
(2769, 'Genderflorer'),
(2770, '2000scoric'),
(2771, 'LOCKEDHEARTITY'),
(2772, 'Sugarbunniescomfic'),
(2773, 'Animalia'),
(2774, 'Seasoflux'),
(2775, 'Notdeericneumasc'),
(2776, 'Starfluid'),
(2777, 'Splatgender'),
(2778, 'Peachian Quartz'),
(2779, 'Angeldritchean'),
(2780, 'Models of gender identity'),
(2781, 'Genderempty'),
(2782, 'Neutroix'),
(2783, 'Ravencharic'),
(2784, 'Vulpicoloric'),
(2785, 'Noirgender'),
(2786, 'Phobiagender System'),
(2787, 'Gendermask'),
(2788, 'Maronic'),
(2789, 'Non-Conforming Female'),
(2790, 'Starbursfluid'),
(2791, 'Polyantigender'),
(2792, 'Drachegenus'),
(2793, 'Antigirl'),
(2794, 'Programgender'),
(2795, 'Nychfluid'),
(2796, 'Socially transitioning'),
(2797, 'Nuclertoonic'),
(2798, 'Hexagender'),
(2799, 'Purplestaric'),
(2800, 'Wallcisgender'),
(2801, 'TheLonelyOkacorn/FemBeing / FemEntity'),
(2802, 'Termasc'),
(2803, 'Sapphiregender'),
(2804, 'Distraumhoodnoic'),
(2805, 'Scorpigender'),
(2806, 'Celestialfishix'),
(2807, 'Xoragender'),
(2808, 'Demiboy'),
(2809, 'Valgeian'),
(2810, 'Imagiverus'),
(2811, 'Skelegender'),
(2812, 'Coolsummermornic'),
(2813, 'Stuckgender'),
(2814, 'Dragongender'),
(2815, 'Nan0girl'),
(2816, 'Lizardvoid'),
(2817, 'Aliencatgender'),
(2818, 'Crystalgirl'),
(2819, 'Digibeing'),
(2820, 'Transfeminine'),
(2821, 'Berrygender'),
(2822, 'Gender-Non specific'),
(2823, 'Guess The Gender: Hall Of Fame'),
(2824, 'Näakjstemolgirl'),
(2825, 'Distantglowgenderfluid'),
(2826, 'Turbo Gender'),
(2827, 'Contrastgender'),
(2828, 'Boogender'),
(2829, 'Azur²'),
(2830, 'Infinigender'),
(2831, 'Crisis Resource Page'),
(2832, 'Maisinengender'),
(2833, '♡thing'),
(2834, 'Girlthing'),
(2835, 'Rosboyfluix'),
(2836, 'Totikhaspawnfluid'),
(2837, 'Subgender'),
(2838, 'Pompomgender'),
(2839, 'Gemigender'),
(2840, 'Chonklexic'),
(2841, 'Beastboycharic'),
(2842, 'Bunnylexic'),
(2843, 'Cetusgender'),
(2844, 'Circumvented Gender'),
(2845, 'Macaroongender'),
(2846, 'Neurbinary'),
(2847, 'Schrodigender'),
(2848, 'Pinklacething'),
(2849, 'Pride Flag'),
(2850, 'Quadgender'),
(2851, 'Zıtcislotus'),
(2852, 'Timecat'),
(2853, 'Sugarlexic'),
(2854, 'Backroomentitygender'),
(2855, 'Vaguelabel'),
(2856, 'Demiflux'),
(2857, 'MADgender'),
(2858, 'Blurgender'),
(2859, 'Essentialgender'),
(2860, 'Multiflux'),
(2861, 'Androgyflux'),
(2862, 'Baxygender'),
(2863, 'Plutowolfgender'),
(2864, 'Aesic'),
(2865, 'Perafluidflux'),
(2866, 'Xip'),
(2867, 'Girlflux'),
(2868, 'Demi girl'),
(2869, 'Equusagender'),
(2870, 'Clutterneutral'),
(2871, 'Genderinmortui'),
(2872, 'Spectragender'),
(2873, 'Phoenixic'),
(2874, 'Alidtur'),
(2875, 'Skyboy'),
(2876, 'The Aspect-Aligned Gender Spectrum'),
(2877, 'Binary Genders'),
(2878, 'Solarisses'),
(2879, 'Novagender'),
(2880, 'Keroppigender'),
(2881, 'Multipara'),
(2882, 'Comfortigender'),
(2883, 'Seasorallic'),
(2884, 'Strawbgender'),
(2885, 'Neonyellowgender'),
(2886, 'Condigender'),
(2887, 'Genderlost'),
(2888, 'Lasergender'),
(2889, 'Wilgender'),
(2890, 'Genderlight'),
(2891, 'Hotpinkgender'),
(2892, 'Neuroflux'),
(2893, 'Fem-Spike'),
(2894, 'Transnigerism'),
(2895, 'Arcticgender'),
(2896, 'Vibegender'),
(2897, 'Neuinisgender'),
(2898, 'Fruitcoric'),
(2899, 'Wendecure Light'),
(2900, 'Fýsian'),
(2901, 'Childhood gender nonconformity'),
(2902, 'Gender-Queer'),
(2903, 'Oceaniscen'),
(2904, 'Aliagender'),
(2905, 'Xenogirl'),
(2906, 'Fireroachic'),
(2907, 'Trans-sexual'),
(2908, 'Luigigender'),
(2909, 'UAAB'),
(2910, 'Reishigender'),
(2911, 'Neogirlflux'),
(2912, 'JJTgender'),
(2913, 'Omnigender'),
(2914, 'Angelguardianic'),
(2915, 'Errgender (2)'),
(2916, 'Demigirl'),
(2917, 'Downpouric'),
(2918, 'Uncannychoric'),
(2919, 'Nebulafade'),
(2920, 'Dualdenialgender'),
(2921, '90scoric'),
(2922, 'Noctifluffine'),
(2923, 'Speculogender'),
(2924, 'Sexes'),
(2925, 'Neogender'),
(2926, 'Jocelyn Samara DiDomenick'),
(2927, 'Mnioct'),
(2928, 'Quoidentic'),
(2929, '2000gender'),
(2930, 'Aiaspec'),
(2931, 'Chosen name'),
(2932, 'Crescentgender'),
(2933, 'Fluidception'),
(2934, 'Nyctophobiagender'),
(2935, 'Librafluid'),
(2936, 'Haddockcat'),
(2937, 'DIDgender'),
(2938, 'Frilledsharkgender'),
(2939, 'Moonaesic'),
(2940, 'Rebelgender'),
(2941, 'Forestcatgender'),
(2942, 'Verinix'),
(2943, 'Evilaesic'),
(2944, 'Bluediamondgender'),
(2945, 'Blushcoric'),
(2946, 'Soundgender'),
(2947, 'Adigenderfluid'),
(2948, 'Nocturnalgender'),
(2949, 'Demixenofluid'),
(2950, 'Xiaspec'),
(2951, 'Surgirlfae'),
(2952, 'Intrabinary'),
(2953, 'Chocolatechipcookiegender'),
(2954, 'Pleouric'),
(2955, 'Sungirl'),
(2956, 'Megapumpkicropic'),
(2957, 'Gemgender'),
(2958, 'Black Wolfgender'),
(2959, 'Coffeeyic'),
(2960, 'Moodflux'),
(2961, 'Nuncgender'),
(2962, 'Melogender'),
(2963, 'Cassfluidflux'),
(2964, 'Null'),
(2965, 'Genderfaunet'),
(2966, 'Gender-fluid'),
(2967, 'Socially transition'),
(2968, 'Quoifem'),
(2969, 'Partner'),
(2970, 'Boys'),
(2971, 'Fluix'),
(2972, 'Workingdoughtwogender'),
(2973, 'Dengender'),
(2974, 'Didgender'),
(2975, 'Soligender'),
(2976, 'Voidthing'),
(2977, 'Anthrogender'),
(2978, 'Neopronouns'),
(2979, 'Mushroomcoric'),
(2980, 'Refractedgender'),
(2981, 'Demiman'),
(2982, 'Licoryic'),
(2983, 'Cinnamoangelsgender'),
(2984, 'Megameloncropic'),
(2985, 'Asteroifluid'),
(2986, 'Fluidfluxfaun'),
(2987, 'Privumgender'),
(2988, 'Nyctogender'),
(2989, 'Doggender'),
(2990, 'OCDgender'),
(2991, 'Altocumulusio'),
(2992, 'Non-gendered'),
(2993, 'Enbyfriend'),
(2994, 'Ungender'),
(2995, 'Agiaspec'),
(2996, 'Mirror Gender'),
(2997, 'Biroagender'),
(2998, 'Garlicropic'),
(2999, 'Menheragender'),
(3000, 'Librandrogyne'),
(3001, 'Strawgelcuteic'),
(3002, 'Axvir'),
(3003, 'Tonegender'),
(3004, 'Wolfhonum'),
(3005, 'Homdoux'),
(3006, 'Level!ix'),
(3007, 'Fairyrosecropic'),
(3008, 'Sex and gender distinction'),
(3009, 'Demiofluid'),
(3010, 'Trans woman'),
(3011, 'Trans Woman'),
(3012, 'Gendervast'),
(3013, 'Blanket'),
(3014, 'Transgender'),
(3015, 'Demiminigirl'),
(3016, 'Supermundagender'),
(3017, 'Gender set theory'),
(3018, 'Gendertinga'),
(3019, 'Invigender'),
(3020, 'Hexalic'),
(3021, 'Padding'),
(3022, 'Undeadsoft'),
(3023, 'Strawberrylikic'),
(3024, 'Hemiboyflux'),
(3025, 'Jellidolic'),
(3026, 'Shiftgender'),
(3027, 'Treegender'),
(3028, 'Alzgender'),
(3029, 'Icecat'),
(3030, 'Dazecoric'),
(3031, 'Radric'),
(3032, 'Aporine'),
(3033, 'Dreamastria'),
(3034, 'Scrachgender'),
(3035, 'Watercolormixic'),
(3036, 'Yellowgender'),
(3037, 'Pointmasc'),
(3038, 'Straiunivasic'),
(3039, 'Actiogender'),
(3040, 'Littlefluid'),
(3041, 'Voidcatgender'),
(3042, 'Tulipcropic'),
(3043, 'Geminogender'),
(3044, 'Transitioning'),
(3045, 'Cartskelegender'),
(3046, 'Enby'),
(3047, 'Luneboy'),
(3048, 'Cis gender'),
(3049, 'Demivoid'),
(3050, 'Bergmalereian'),
(3051, 'Bedroomliminix'),
(3052, 'Intric'),
(3053, 'Lilafluid'),
(3054, 'Qirl'),
(3055, 'All Genders'),
(3056, 'Librafeminine'),
(3057, 'Scaragender'),
(3058, 'Vocigender'),
(3059, 'Liminarborial'),
(3060, 'Roseusboy'),
(3061, 'Aquarigender'),
(3062, 'Genderanxious'),
(3063, 'Dosuboy'),
(3064, 'Gender Dysphoric Disorder'),
(3065, 'Polkgender'),
(3066, 'Invipurplecatrooftop'),
(3067, 'Boyflip'),
(3068, 'Revealagender'),
(3069, 'Gender identity'),
(3070, 'Abuingofluid'),
(3071, 'Profundanic'),
(3072, 'Bloomgirl'),
(3073, 'Muxe'),
(3074, 'Redgender'),
(3075, 'Friedchickenlexic'),
(3076, 'Floridgender'),
(3077, 'Virfluid'),
(3078, 'Trans sexual'),
(3079, 'Cloudmasc'),
(3080, 'Steamagegender'),
(3081, 'John Colapinto'),
(3082, 'Revealfluid'),
(3083, 'Findrodox'),
(3084, 'Hebegender'),
(3085, 'Minecakegender'),
(3086, 'Agingender'),
(3087, 'Name ideas'),
(3088, 'Burrowgender'),
(3089, 'Genderfleur'),
(3090, 'Ecoxenic'),
(3091, 'Voidfluidflux'),
(3092, 'Lollexic'),
(3093, 'Obsidiancat'),
(3094, 'Purgender'),
(3095, 'Shipmate'),
(3096, 'Foggender'),
(3097, 'Ramgender'),
(3098, 'Scabiorsic'),
(3099, 'Raydgender'),
(3100, 'Cavusgender'),
(3101, 'Bokchoycropic'),
(3102, 'Femmeflux'),
(3103, 'Vērgender'),
(3104, 'Glitchlexic'),
(3105, 'Plastibeadicgirl'),
(3106, '🔪🎀Emojic'),
(3107, 'Finric'),
(3108, 'Gastrogender (troll)'),
(3109, 'Demicisgender'),
(3110, 'Genderwatermelon'),
(3111, 'Urbanox'),
(3112, 'Wintergender'),
(3113, 'Girls'),
(3114, 'Enboyspikeflux'),
(3115, 'Trigenderbalanced'),
(3116, 'Gyrle'),
(3117, 'Offgender'),
(3118, 'Naturengender'),
(3119, 'Artigender'),
(3120, 'Panfluid'),
(3121, 'Enboy'),
(3122, 'Exorsexism'),
(3123, 'Pastelcoric'),
(3124, 'Speerios'),
(3125, 'Occufluid'),
(3126, 'Kosmyc Gender Group'),
(3127, 'Opilabirdgender'),
(3128, 'Aquaric'),
(3129, 'Blenis Misk'),
(3130, 'Gender System'),
(3131, 'Ambonec'),
(3132, 'Roseatine'),
(3133, '-Flagic'),
(3134, 'Queeraesic'),
(3135, 'Gendervir'),
(3136, 'Moonic'),
(3137, 'Cregender'),
(3138, 'Genderspongeic'),
(3139, 'Trans Women'),
(3140, 'BNB-Duality'),
(3141, 'Growtopian'),
(3142, 'Yosegirl'),
(3143, 'Blurian'),
(3144, 'Nubegender'),
(3145, 'Agender Boy'),
(3146, 'Disastergender'),
(3147, 'Guevedoces'),
(3148, 'Spiralbodiment'),
(3149, 'Glowsquidian'),
(3150, 'Summerestic'),
(3151, 'Bfdigender'),
(3152, 'Voidlike'),
(3153, 'Gender Envy'),
(3154, 'Voidmanflux'),
(3155, 'Hoxegender'),
(3156, 'Frigusgender'),
(3157, 'Quoiboy'),
(3158, 'Gendersylpher'),
(3159, 'Tecnawinxic'),
(3160, 'Anquille'),
(3161, 'Genderbalanced System'),
(3162, 'Axigender'),
(3163, 'Mascdoux'),
(3164, 'Afoxlector'),
(3165, 'Abhorcoric'),
(3166, 'Forestgender'),
(3167, 'Genderfavus'),
(3168, 'Fruitgender'),
(3169, 'Masculinity'),
(3170, 'Transgender pregnancy'),
(3171, 'Biscuigravic'),
(3172, 'Crackgender'),
(3173, 'Halloweenlexic'),
(3174, 'Multifluix'),
(3175, 'Antiboy'),
(3176, 'Lolgender'),
(3177, 'Surgirfae'),
(3178, 'Celestae'),
(3179, 'Caerulgender'),
(3180, 'Teagender'),
(3181, 'Highempatix'),
(3182, 'Cryosic'),
(3183, 'Gender v Sex'),
(3184, 'Kathoey'),
(3185, 'Gender flux'),
(3186, 'Stellaene'),
(3187, 'Chugender'),
(3188, 'Gender Confirmation Surgery'),
(3189, 'Heisengender'),
(3190, 'Astatic'),
(3191, 'Dysphoria'),
(3192, 'Cenilunar'),
(3193, 'Cluwellous'),
(3194, 'Noxegender'),
(3195, 'ChildFluix'),
(3196, 'Weirdcorian'),
(3197, 'Primarycolorkinic'),
(3198, 'Saturnian'),
(3199, 'Smallgender'),
(3200, 'Dreamywolfgender'),
(3201, 'Obsesscoric'),
(3202, 'Genderfrict'),
(3203, 'AGAB Non-Conforming'),
(3204, 'Dollpunk'),
(3205, 'Boolegender'),
(3206, 'Transfluid'),
(3207, 'Gender Identity Disorder'),
(3208, 'Stargender'),
(3209, 'Videoessayan'),
(3210, 'Zertexios'),
(3211, 'Jellyic'),
(3212, 'Genderadult'),
(3213, 'Sunmaiden'),
(3214, 'Liliumgender'),
(3215, 'Quoigender'),
(3216, 'Songfeelic'),
(3217, 'Spirial'),
(3218, 'Femininity'),
(3219, 'Beltzaain'),
(3220, 'Cloudgender'),
(3221, 'Cross-dress'),
(3222, 'Froky'),
(3223, 'Pocket Gender'),
(3224, 'Bergmalenean'),
(3225, 'Endoandrogyne'),
(3226, 'Cybercat'),
(3227, 'Alcoholicgender'),
(3228, 'Demigender'),
(3229, 'Gender'),
(3230, 'Enban'),
(3231, 'Wolfhoard'),
(3232, 'Loudclassroomic'),
(3233, 'Aragender'),
(3234, 'Stratogender'),
(3235, 'Glacierebaonic'),
(3236, 'Fracoulic'),
(3237, 'Demipanthagender'),
(3238, 'Demiboygirlfluid'),
(3239, 'Noenfluid'),
(3240, 'Abditivusfluid'),
(3241, 'OWOgender'),
(3242, 'Gremlincoric'),
(3243, 'Supergirllexic'),
(3244, 'Cinnamoncarrotcakegender'),
(3245, 'Darkrosegender'),
(3246, 'Cogender(anthropolgy)'),
(3247, 'Gemintric'),
(3248, 'Libradyke'),
(3249, 'Arachnophobiagender'),
(3250, 'Forfleshix'),
(3251, 'Freelexic'),
(3252, 'Altcoric'),
(3253, 'Bipolargender'),
(3254, 'ChildFlux'),
(3255, 'Interestvoid'),
(3256, 'Awaterlector'),
(3257, 'Singularian'),
(3258, 'Wallneutral'),
(3259, 'Watermelongender'),
(3260, 'Fluvarilian'),
(3261, 'Doublechoccookiegender'),
(3262, 'Firegender'),
(3263, 'Neptunian'),
(3264, 'Stealth'),
(3265, 'Femby'),
(3266, 'Rosboyflux'),
(3267, 'Username Badges'),
(3268, 'Semi binary genders'),
(3269, 'Nightdriveic'),
(3270, 'Warmheartic'),
(3271, 'Cluttercute'),
(3272, 'Genderblankie'),
(3273, 'Moderndaygender'),
(3274, 'Catvocaloid'),
(3275, 'Kevgender'),
(3276, 'Cogender(gender Inclusion)'),
(3277, 'Colabloxic'),
(3278, 'Smilergender'),
(3279, 'Multispike'),
(3280, 'ChaiLatte137/Speceresum'),
(3281, 'Quasigender'),
(3282, 'Scorpiogender'),
(3283, 'How to write a trans character?'),
(3284, 'Keingender'),
(3285, 'Periwinklian'),
(3286, 'Incligender'),
(3287, 'Animigender'),
(3288, 'Espixygender'),
(3289, 'Psychorexgender'),
(3290, 'Abandoe'),
(3291, 'Element Gender System'),
(3292, 'Vibragender'),
(3293, 'Genderalpinus'),
(3294, 'Cuavgender'),
(3295, 'Masculism'),
(3296, 'Kaboomgender'),
(3297, 'Negagender'),
(3298, 'Hellbeing'),
(3299, 'Tropicaux Gender Group'),
(3300, 'Stilagender'),
(3301, 'Binary genders'),
(3302, 'Unmascgender'),
(3303, 'Agentoflux'),
(3304, 'Locatiogender'),
(3305, 'Pancakstarric'),
(3306, 'Detective Transfemme'),
(3307, 'Negativegender'),
(3308, 'Nergender'),
(3309, 'Nanogender'),
(3310, 'Dayfluid'),
(3311, 'Espeoncatgender'),
(3312, 'Ningender'),
(3313, 'Moongender'),
(3314, 'Tomgirl'),
(3315, 'Alnilamfluid'),
(3316, 'Soycharic'),
(3317, 'Moonchild'),
(3318, 'Cegender'),
(3319, 'Bienbyflux'),
(3320, 'Frigus gender'),
(3321, 'Genderplush'),
(3322, 'Entheogender'),
(3323, 'Neonmixtapetourgender'),
(3324, 'Poluartzian'),
(3325, 'Foxcoric'),
(3326, 'Taoxyegender'),
(3327, 'Mochigender'),
(3328, 'Androgyne'),
(3329, 'Tortiegender'),
(3330, 'Azurgirlflux'),
(3331, 'Bondfluid'),
(3332, 'Decoragender'),
(3333, 'Eclipsian'),
(3334, 'Lesbianflagic'),
(3335, 'Androgyneflux'),
(3336, 'Candibloodim'),
(3337, 'Sungender'),
(3338, 'Dualgender'),
(3339, 'Frequencygender/Genderfrequency'),
(3340, 'Absorbxenic'),
(3341, 'Songic'),
(3342, 'Biological sex'),
(3343, 'Herbsolus'),
(3344, 'Syspresfluid'),
(3345, 'Bamgender'),
(3346, 'Omnithing'),
(3347, 'Sunic'),
(3348, 'Cluttergirl'),
(3349, 'Coffeecookiegender'),
(3350, 'Spookyangelic'),
(3351, 'Brightexcitemix'),
(3352, 'Fleshliminix'),
(3353, 'Wavyfemmic'),
(3354, 'Foodic'),
(3355, 'Wistrafluid'),
(3356, 'Mekangender'),
(3357, 'Twinstarsgender'),
(3358, 'Thirdboyfluid'),
(3359, 'Kidcorestalgic'),
(3360, 'Sparklexic'),
(3361, 'Juvelicgender'),
(3362, 'Undefined'),
(3363, 'Glowystaric'),
(3364, 'HRT'),
(3365, 'Demi-pangender'),
(3366, 'Kvenlegurflux'),
(3367, 'Scenefluid'),
(3368, 'Xenomascspike'),
(3369, 'Representation of Trans* in Modern Media'),
(3370, 'Dovecreation'),
(3371, 'Matchacakegender'),
(3372, 'Surgirlflor'),
(3373, 'Ephemagender'),
(3374, 'Medicthing'),
(3375, 'Stephonic'),
(3376, 'Devilcatgender'),
(3377, 'National LGBTI Health Alliance'),
(3378, 'Genderflip'),
(3379, 'Gothlitacoric'),
(3380, 'Gender of rearing'),
(3381, 'Vosgender'),
(3382, 'Cabaxygender'),
(3383, 'Moonfog'),
(3384, 'Bloodsoakic'),
(3385, 'Toffyic'),
(3386, 'Villadualisotic'),
(3387, 'Genderpan'),
(3388, 'Galain'),
(3389, 'Nulltrois'),
(3390, 'Parapathetic'),
(3391, 'Fluxace'),
(3392, 'Bloodcovic'),
(3393, 'Inviseabloon'),
(3394, 'Trans-Gendered'),
(3395, 'Loxyigender'),
(3396, 'Omingender'),
(3397, 'Femflux'),
(3398, 'Aphroditegender'),
(3399, 'Offgirl'),
(3400, 'Two spirit'),
(3401, 'Hyposensic'),
(3402, 'Cissexism'),
(3403, 'Hemigenderflux'),
(3404, 'Ommiflux'),
(3405, 'Mothgender'),
(3406, 'Glitchsoundic'),
(3407, 'Huegender'),
(3408, 'Chocotrufflescat'),
(3409, 'Accipiogender'),
(3410, 'Exitglowdarkic'),
(3411, 'Transgender Representation in Modern Media'),
(3412, 'Feralcoric'),
(3413, 'Sugarwalmic'),
(3414, 'CHOCOGENDER'),
(3415, 'Yoseneutrois'),
(3416, 'Grasscropic'),
(3417, 'Social transition'),
(3418, 'Wiki Policies'),
(3419, 'Heavoid'),
(3420, 'Skymage'),
(3421, 'Genderfrither'),
(3422, 'Hillgenderfluix'),
(3423, 'WinterMallGender'),
(3424, 'Näakjstemolgender'),
(3425, 'Tommifluid'),
(3426, 'Syllanura'),
(3427, 'Demivenufluid'),
(3428, 'Bondgender'),
(3429, 'Cadogender'),
(3430, 'Constellnoxky'),
(3431, 'Exemgender(Pokémon) Gender System'),
(3432, 'Thingix'),
(3433, 'Venacavic'),
(3434, 'Demimasculine'),
(3435, 'Rainbowgender'),
(3436, 'Fluidexpan-gender/Fluidxpan-gender'),
(3437, '974ic'),
(3438, 'Aspecgender'),
(3439, 'Feroric'),
(3440, 'Guisegender'),
(3441, 'Oystercrackergender'),
(3442, 'Pineapplecropic'),
(3443, 'Assigned Male At Birth'),
(3444, 'Squadlexic'),
(3445, '-Thingy'),
(3446, 'Pirateseasgender'),
(3447, 'Neurogender'),
(3448, 'Idiofluid'),
(3449, 'Pupgender'),
(3450, 'Näakjstemolenby'),
(3451, 'Infinitrois'),
(3452, 'Redlightsgender'),
(3453, 'Flickxagender'),
(3454, 'Spookydemonic'),
(3455, 'Endoaliagender'),
(3456, 'Uniqlogender'),
(3457, 'Nesciogender'),
(3458, 'Gendersatyr'),
(3459, 'Scene System'),
(3460, 'Aishawinxic'),
(3461, 'Self-Assignment'),
(3462, 'Concetptigender'),
(3463, 'Strawberry Icecreamgender'),
(3464, 'Gender Apathetic'),
(3465, 'Redexitsignic'),
(3466, 'Airgender'),
(3467, 'Mercylexic'),
(3468, 'They'),
(3469, 'Catgirlgender'),
(3470, 'Ketugender'),
(3471, 'Cyber-Astral'),
(3472, 'Weirdcoric'),
(3473, 'Clowncoric'),
(3474, 'Echolalic'),
(3475, 'Electrogender'),
(3476, 'Gendersylphen'),
(3477, 'Misgender'),
(3478, 'Spiralgoric'),
(3479, 'Neutrinos'),
(3480, 'Cancegender'),
(3481, 'Seacollectskeletic'),
(3482, 'Somnigender'),
(3483, 'Lizardgender'),
(3484, 'Sexual Reassignment Surgery'),
(3485, 'Calyptriformisae'),
(3486, 'Gender List'),
(3487, 'Panmushroominae'),
(3488, 'Xoyvague'),
(3489, 'Ametrine'),
(3490, 'Froggender'),
(3491, 'Non-Conforming Male'),
(3492, 'Surgirgender'),
(3493, 'Surgirfruct'),
(3494, 'Xeminity'),
(3495, 'Rexyegender'),
(3496, 'Heliogender'),
(3497, 'Axera'),
(3498, 'Dubsgender'),
(3499, 'Inkcute'),
(3500, 'Lunarian'),
(3501, 'Trans women'),
(3502, 'Winxic'),
(3503, 'Neoncoric'),
(3504, 'Sortagender'),
(3505, 'Male'),
(3506, 'Limfortcreepic'),
(3507, 'Soy Boy'),
(3508, 'Genderjellyfish'),
(3509, 'Pentigender'),
(3510, 'Policy Guide'),
(3511, 'Uxingender'),
(3512, 'Zebrogender'),
(3513, 'Tobogender'),
(3514, 'Kirbyplushyic'),
(3515, 'Hibiscusgender'),
(3516, 'Wallcis'),
(3517, 'Demiboyflux'),
(3518, 'Reddiamondgender'),
(3519, 'Ratbianic'),
(3520, 'Transphobic'),
(3521, 'Transgender Law Center'),
(3522, 'Fluidfluxqueer'),
(3523, 'Opticphenomenongender'),
(3524, 'Thunaudicomfic'),
(3525, 'Sortaboy'),
(3526, 'Cassgender'),
(3527, 'Non-binary'),
(3528, 'Genderfaunetor'),
(3529, 'Heartgender'),
(3530, 'Holien'),
(3531, 'Xenoqueer'),
(3532, 'Lovegender'),
(3533, 'Lemxyigender'),
(3534, 'Navynovaz'),
(3535, 'Lithegender'),
(3536, 'Blockgender'),
(3537, 'Neutral'),
(3538, 'Transvestite'),
(3539, 'Stargazegender'),
(3540, 'Agerehoarder'),
(3541, 'Gardenian'),
(3542, 'Aster Appreciation Page'),
(3543, 'Biblimodernangelic'),
(3544, 'Sexual'),
(3545, 'Libradyadfeminine'),
(3546, 'Pyrexgender'),
(3547, 'Joyfriend'),
(3548, 'Magienby'),
(3549, 'Cloudtix'),
(3550, 'Dynagender'),
(3551, 'Gender Expression'),
(3552, 'Lunirgender'),
(3553, 'Sortaflux'),
(3554, 'Travelcoric'),
(3555, 'Agaricgender'),
(3556, 'Solaric'),
(3557, 'Intersexed'),
(3558, 'Blueeyic'),
(3559, 'Moonguardian'),
(3560, 'Gamegender'),
(3561, 'Chaosgender'),
(3562, 'Stratagender'),
(3563, 'Revealcounteriangender'),
(3564, 'Moondustgender'),
(3565, 'Frostbitething'),
(3566, 'Demonchild'),
(3567, 'Lovegoric'),
(3568, 'Trans March'),
(3569, 'Coming Out Resources'),
(3570, 'Masculine'),
(3571, 'Cogender (Anthropology)'),
(3572, 'Adeptogender'),
(3573, 'Motusgender'),
(3574, 'Oceanthing'),
(3575, 'Voidarian'),
(3576, 'Patigender'),
(3577, '-Corian'),
(3578, 'Reflective gender'),
(3579, 'Specisongic'),
(3580, 'Logiciangender'),
(3581, 'Garnetcharic'),
(3582, 'Voidinwatchic'),
(3583, 'Strawbfizzaromic'),
(3584, 'Siengender'),
(3585, 'Hyperboy'),
(3586, 'Quoimasc'),
(3587, 'Bxyflux'),
(3588, 'Frostfurric'),
(3589, 'Oreogender'),
(3590, 'Genderlake'),
(3591, 'Mushygender'),
(3592, 'Sexuality'),
(3593, 'Libradyad'),
(3594, 'Spacegender'),
(3595, 'Transfemininity'),
(3596, 'Main Page'),
(3597, 'Iceboy'),
(3598, 'Guisgender'),
(3599, 'Webgender'),
(3600, 'Gender symbols'),
(3601, 'Cháloouin Gender System'),
(3602, 'Citruslusia'),
(3603, '¿gender'),
(3604, 'Dawnlexic'),
(3605, 'Axenospike'),
(3606, 'Lumigender'),
(3607, 'Gender Roles'),
(3608, 'Monagender'),
(3609, 'Mniodracht'),
(3610, 'Evari'),
(3611, 'Friendrawgender'),
(3612, 'Sharfluffious'),
(3613, 'Tesseractean'),
(3614, 'Autigender'),
(3615, 'Croissanut'),
(3616, 'Battle Helicopter'),
(3617, 'Wallmart Bag'),
(3618, 'Business'),
(3619, 'Other');

-- --------------------------------------------------------

--
-- Struttura della tabella `verify`
--

CREATE TABLE `verify` (
  `id` int(11) NOT NULL,
  `account_id` int(11) DEFAULT NULL,
  `verification_code` varchar(8) NOT NULL,
  `expiration_date` datetime NOT NULL
) ENGINE=InnoDB DEFAULT CHARSET=utf8mb4 COLLATE=utf8mb4_general_ci;

--
-- Indici per le tabelle scaricate
--

--
-- Indici per le tabelle `account`
--
ALTER TABLE `account`
  ADD PRIMARY KEY (`id`),
  ADD UNIQUE KEY `nickname` (`nickname`),
  ADD UNIQUE KEY `email` (`email`),
  ADD KEY `sex` (`sex`),
  ADD KEY `pronoun` (`pronoun`),
  ADD KEY `role` (`role`);

--
-- Indici per le tabelle `comment`
--
ALTER TABLE `comment`
  ADD PRIMARY KEY (`id`),
  ADD KEY `post_id` (`post_id`),
  ADD KEY `account_id` (`account_id`);

--
-- Indici per le tabelle `likes`
--
ALTER TABLE `likes`
  ADD PRIMARY KEY (`id`),
  ADD KEY `post_id` (`post_id`),
  ADD KEY `account_id` (`account_id`);

--
-- Indici per le tabelle `post`
--
ALTER TABLE `post`
  ADD PRIMARY KEY (`id`),
  ADD KEY `account_id` (`account_id`);

--
-- Indici per le tabelle `pronoun`
--
ALTER TABLE `pronoun`
  ADD PRIMARY KEY (`id`);

--
-- Indici per le tabelle `role`
--
ALTER TABLE `role`
  ADD PRIMARY KEY (`id`);

--
-- Indici per le tabelle `sex`
--
ALTER TABLE `sex`
  ADD PRIMARY KEY (`id`);

--
-- Indici per le tabelle `verify`
--
ALTER TABLE `verify`
  ADD PRIMARY KEY (`id`),
  ADD UNIQUE KEY `account_id` (`account_id`);

--
-- AUTO_INCREMENT per le tabelle scaricate
--

--
-- AUTO_INCREMENT per la tabella `account`
--
ALTER TABLE `account`
  MODIFY `id` int(11) NOT NULL AUTO_INCREMENT, AUTO_INCREMENT=9;

--
-- AUTO_INCREMENT per la tabella `comment`
--
ALTER TABLE `comment`
  MODIFY `id` int(11) NOT NULL AUTO_INCREMENT, AUTO_INCREMENT=8;

--
-- AUTO_INCREMENT per la tabella `likes`
--
ALTER TABLE `likes`
  MODIFY `id` int(11) NOT NULL AUTO_INCREMENT, AUTO_INCREMENT=20;

--
-- AUTO_INCREMENT per la tabella `post`
--
ALTER TABLE `post`
  MODIFY `id` int(11) NOT NULL AUTO_INCREMENT, AUTO_INCREMENT=5;

--
-- AUTO_INCREMENT per la tabella `pronoun`
--
ALTER TABLE `pronoun`
  MODIFY `id` int(11) NOT NULL AUTO_INCREMENT, AUTO_INCREMENT=124;

--
-- AUTO_INCREMENT per la tabella `role`
--
ALTER TABLE `role`
  MODIFY `id` int(11) NOT NULL AUTO_INCREMENT, AUTO_INCREMENT=6;

--
-- AUTO_INCREMENT per la tabella `sex`
--
ALTER TABLE `sex`
  MODIFY `id` int(11) NOT NULL AUTO_INCREMENT, AUTO_INCREMENT=3620;

--
-- AUTO_INCREMENT per la tabella `verify`
--
ALTER TABLE `verify`
  MODIFY `id` int(11) NOT NULL AUTO_INCREMENT, AUTO_INCREMENT=9;

--
-- Limiti per le tabelle scaricate
--

--
-- Limiti per la tabella `account`
--
ALTER TABLE `account`
  ADD CONSTRAINT `account_ibfk_1` FOREIGN KEY (`sex`) REFERENCES `sex` (`id`),
  ADD CONSTRAINT `account_ibfk_2` FOREIGN KEY (`pronoun`) REFERENCES `pronoun` (`id`),
  ADD CONSTRAINT `account_ibfk_3` FOREIGN KEY (`role`) REFERENCES `role` (`id`);

--
-- Limiti per la tabella `comment`
--
ALTER TABLE `comment`
  ADD CONSTRAINT `comment_ibfk_1` FOREIGN KEY (`post_id`) REFERENCES `post` (`id`) ON DELETE CASCADE,
  ADD CONSTRAINT `comment_ibfk_2` FOREIGN KEY (`account_id`) REFERENCES `account` (`id`) ON DELETE CASCADE;

--
-- Limiti per la tabella `likes`
--
ALTER TABLE `likes`
  ADD CONSTRAINT `likes_ibfk_1` FOREIGN KEY (`post_id`) REFERENCES `post` (`id`) ON DELETE CASCADE,
  ADD CONSTRAINT `likes_ibfk_2` FOREIGN KEY (`account_id`) REFERENCES `account` (`id`) ON DELETE CASCADE;

--
-- Limiti per la tabella `post`
--
ALTER TABLE `post`
  ADD CONSTRAINT `post_ibfk_1` FOREIGN KEY (`account_id`) REFERENCES `account` (`id`) ON DELETE CASCADE;

--
-- Limiti per la tabella `verify`
--
ALTER TABLE `verify`
  ADD CONSTRAINT `verify_ibfk_1` FOREIGN KEY (`account_id`) REFERENCES `account` (`id`) ON DELETE CASCADE;
COMMIT;

/*!40101 SET CHARACTER_SET_CLIENT=@OLD_CHARACTER_SET_CLIENT */;
/*!40101 SET CHARACTER_SET_RESULTS=@OLD_CHARACTER_SET_RESULTS */;
/*!40101 SET COLLATION_CONNECTION=@OLD_COLLATION_CONNECTION */;
